date	time	bid01	bid02	bid03	bid04	bid05	bid06	bid07	bid08	bid09	bid10
2025.12.01	09:00	156.048	156.044	156.045	156.045	156.045	156.041	156.045	156.045	156.045	156.045
2025.12.01	09:01	156.045	156.041	156.041	156.041	156.041	156.041	156.041	156.041	156.041	156.041
2025.12.01	09:02	156.044	156.051	156.050	156.057	156.063	156.056	156.059	156.063	156.063	156.063
2025.12.01	09:03	156.064	156.067	156.067	156.067	156.067	156.065	156.067	156.067	156.067	156.067
2025.12.01	09:04	156.067	156.068	156.068	156.068	156.068	156.068	156.068	156.068	156.068	156.068
2025.12.01	09:05	156.059	156.062	156.056	156.067	156.066	156.076	156.088	156.078	156.079	156.079
2025.12.01	09:06	156.079	156.071	156.084	156.079	156.084	156.088	156.084	156.084	156.084	156.084
2025.12.01	09:07	156.078	156.076	156.074	156.068	156.069	156.060	156.061	156.060	156.060	156.062
2025.12.01	09:08	156.064	156.064	156.064	156.066	156.066	156.066	156.068	156.067	156.072	156.074
2025.12.01	09:09	156.059	156.062	156.068	156.070	156.083	156.087	156.094	156.093	156.097	156.104
2025.12.01	09:10	156.104	156.100	156.101	156.097	156.099	156.098	156.092	156.099	156.099	156.099
2025.12.01	09:11	156.099	156.101	156.101	156.101	156.101	156.101	156.101	156.101	156.101	156.101
2025.12.01	09:12	156.097	156.097	156.097	156.097	156.097	156.097	156.097	156.097	156.097	156.097
2025.12.01	09:13	156.100	156.100	156.100	156.100	156.100	156.100	156.100	156.100	156.100	156.100
2025.12.01	09:14	156.100	156.100	156.100	156.100	156.100	156.100	156.100	156.100	156.100	156.100
2025.12.01	09:15	156.100	156.100	156.100	156.100	156.100	156.100	156.100	156.100	156.100	156.100
2025.12.01	09:16	156.100	156.092	156.093	156.085	156.086	156.076	156.096	156.095	156.095	156.095
2025.12.01	09:17	156.095	156.094	156.096	156.094	156.095	156.094	156.094	156.094	156.094	156.094
2025.12.01	09:18	156.094	156.098	156.098	156.098	156.098	156.096	156.098	156.098	156.098	156.098
2025.12.01	09:19	156.098	156.107	156.106	156.114	156.115	156.114	156.114	156.114	156.114	156.114
2025.12.01	09:20	156.114	156.115	156.102	156.103	156.097	156.089	156.093	156.097	156.097	156.097
2025.12.01	09:21	156.108	156.104	156.105	156.097	156.085	156.086	156.080	156.086	156.091	156.096
2025.12.01	09:22	156.100	156.105	156.102	156.108	156.100	156.091	156.083	156.084	156.079	156.073
2025.12.01	09:23	156.073	156.073	156.073	156.073	156.073	156.073	156.073	156.073	156.073	156.073
2025.12.01	09:24	156.073	156.073	156.073	156.073	156.073	156.073	156.073	156.073	156.073	156.073
2025.12.01	09:25	156.073	156.073	156.073	156.073	156.073	156.073	156.073	156.073	156.073	156.073
2025.12.01	09:26	156.073	156.073	156.073	156.073	156.073	156.073	156.073	156.073	156.073	156.073
2025.12.01	09:27	156.073	156.073	156.073	156.073	156.073	156.073	156.073	156.073	156.073	156.073
2025.12.01	09:28	156.073	156.076	156.076	156.076	156.076	156.076	156.076	156.076	156.076	156.076
2025.12.01	09:29	156.076	156.073	156.073	156.073	156.073	156.073	156.073	156.073	156.073	156.073
2025.12.01	09:30	156.073	156.091	156.091	156.091	156.091	156.091	156.091	156.091	156.091	156.091
2025.12.01	09:31	156.091	156.096	156.086	156.096	156.091	156.096	156.096	156.096	156.096	156.096
2025.12.01	09:32	156.079	156.080	156.062	156.056	156.046	156.031	156.046	156.043	156.048	156.051
2025.12.01	09:33	156.051	156.064	156.063	156.071	156.076	156.074	156.071	156.071	156.071	156.071
2025.12.01	09:34	156.074	156.077	156.078	156.075	156.068	156.058	156.045	156.055	156.060	156.066
2025.12.01	09:35	156.063	156.064	156.056	156.049	156.050	156.042	156.049	156.053	156.057	156.057
2025.12.01	09:36	156.057	156.055	156.053	156.054	156.051	156.049	156.053	156.053	156.055	156.055
2025.12.01	09:37	156.056	156.058	156.057	156.058	156.055	156.057	156.058	156.055	156.055	156.055
2025.12.01	09:38	156.032	156.035	156.037	156.043	156.060	156.065	156.074	156.070	156.068	156.066
2025.12.01	09:39	156.066	156.066	156.066	156.066	156.066	156.066	156.066	156.066	156.066	156.066
2025.12.01	09:40	156.066	156.068	156.067	156.069	156.068	156.071	156.068	156.069	156.069	156.069
2025.12.01	09:41	156.069	156.071	156.071	156.071	156.071	156.071	156.071	156.071	156.071	156.071
2025.12.01	09:42	156.071	156.069	156.072	156.075	156.071	156.073	156.075	156.075	156.075	156.075
2025.12.01	09:43	156.075	156.074	156.077	156.074	156.075	156.074	156.074	156.074	156.074	156.074
2025.12.01	09:44	156.074	156.073	156.073	156.073	156.073	156.073	156.073	156.073	156.073	156.073
2025.12.01	09:45	156.073	156.079	156.078	156.089	156.084	156.083	156.089	156.089	156.089	156.089
2025.12.01	09:46	156.086	156.086	156.088	156.088	156.089	156.092	156.091	156.092	156.092	156.091
2025.12.01	09:47	156.086	156.086	156.085	156.086	156.087	156.089	156.092	156.092	156.091	156.091
2025.12.01	09:48	156.091	156.093	156.091	156.091	156.092	156.090	156.091	156.091	156.091	156.091
2025.12.01	09:49	156.089	156.090	156.088	156.093	156.092	156.098	156.099	156.101	156.103	156.101
2025.12.01	09:50	156.101	156.100	156.101	156.099	156.098	156.099	156.099	156.098	156.099	156.100
2025.12.01	09:51	156.100	156.101	156.099	156.101	156.099	156.100	156.101	156.101	156.099	156.097
2025.12.01	09:52	156.093	156.094	156.090	156.089	156.086	156.086	156.092	156.089	156.093	156.095
2025.12.01	09:53	156.088	156.087	156.090	156.089	156.092	156.094	156.096	156.094	156.097	156.095
2025.12.01	09:54	156.083	156.086	156.085	156.085	156.085	156.083	156.080	156.081	156.082	156.083
2025.12.01	09:55	156.084	156.083	156.085	156.084	156.082	156.083	156.081	156.080	156.081	156.081
2025.12.01	09:56	156.081	156.081	156.081	156.081	156.081	156.081	156.081	156.081	156.081	156.081
2025.12.01	09:57	156.074	156.066	156.061	156.070	156.069	156.077	156.086	156.090	156.096	156.096
2025.12.01	09:58	156.095	156.094	156.095	156.094	156.095	156.094	156.095	156.094	156.099	156.099
2025.12.01	09:59	156.098	156.095	156.096	156.095	156.098	156.101	156.106	156.104	156.103	156.102
2025.12.01	10:00	156.123	156.120	156.122	156.102	156.070	156.064	156.027	156.046	156.041	156.055
2025.12.01	10:01	156.046	156.048	156.046	156.049	156.046	156.050	156.050	156.053	156.051	156.057
2025.12.01	10:02	156.055	156.055	156.057	156.058	156.061	156.064	156.060	156.061	156.060	156.059
2025.12.01	10:03	156.059	156.059	156.047	156.044	156.035	156.021	156.034	156.031	156.033	156.039
2025.12.01	10:04	156.046	156.044	156.046	156.039	156.035	156.031	156.024	156.026	156.026	156.027
2025.12.01	10:05	156.024	156.024	156.024	156.027	156.028	156.029	156.033	156.032	156.032	156.030
2025.12.01	10:06	156.032	156.035	156.035	156.037	156.036	156.039	156.046	156.043	156.042	156.040
2025.12.01	10:07	156.037	156.038	156.035	156.033	156.034	156.029	156.029	156.030	156.030	156.030
2025.12.01	10:08	156.026	156.026	156.032	156.034	156.038	156.044	156.043	156.041	156.041	156.039
2025.12.01	10:09	156.036	156.037	156.036	156.039	156.038	156.040	156.044	156.037	156.038	156.038
2025.12.01	10:10	156.031	156.031	156.033	156.032	156.036	156.035	156.039	156.038	156.041	156.042
2025.12.01	10:11	156.041	156.040	156.043	156.043	156.044	156.048	156.048	156.047	156.048	156.047
2025.12.01	10:12	156.048	156.047	156.060	156.064	156.073	156.083	156.082	156.081	156.078	156.075
2025.12.01	10:13	156.076	156.076	156.073	156.069	156.063	156.062	156.053	156.057	156.057	156.059
2025.12.01	10:14	156.061	156.061	156.058	156.055	156.046	156.044	156.045	156.043	156.046	156.047
2025.12.01	10:15	156.053	156.055	156.055	156.057	156.059	156.060	156.060	156.060	156.060	156.059
2025.12.01	10:16	156.058	156.058	156.065	156.067	156.071	156.072	156.076	156.076	156.081	156.083
2025.12.01	10:17	156.086	156.085	156.088	156.087	156.090	156.089	156.092	156.091	156.097	156.097
2025.12.01	10:18	156.097	156.097	156.094	156.093	156.090	156.086	156.084	156.086	156.085	156.087
2025.12.01	10:19	156.095	156.092	156.094	156.089	156.087	156.084	156.076	156.076	156.076	156.078
2025.12.01	10:20	156.076	156.076	156.078	156.078	156.079	156.079	156.079	156.079	156.078	156.082
2025.12.01	10:21	156.076	156.077	156.071	156.071	156.065	156.065	156.061	156.064	156.062	156.066
2025.12.01	10:22	156.065	156.065	156.062	156.062	156.059	156.056	156.056	156.056	156.056	156.057
2025.12.01	10:23	156.059	156.056	156.049	156.045	156.034	156.027	156.024	156.023	156.023	156.024
2025.12.01	10:24	156.032	156.034	156.041	156.045	156.050	156.057	156.060	156.059	156.059	156.059
2025.12.01	10:25	156.069	156.068	156.068	156.060	156.051	156.047	156.032	156.034	156.034	156.037
2025.12.01	10:26	156.042	156.043	156.043	156.041	156.035	156.032	156.030	156.032	156.031	156.033
2025.12.01	10:27	156.037	156.036	156.037	156.043	156.045	156.048	156.056	156.050	156.052	156.047
2025.12.01	10:28	156.051	156.049	156.048	156.049	156.045	156.044	156.046	156.044	156.045	156.046
2025.12.01	10:29	156.042	156.045	156.039	156.041	156.037	156.038	156.033	156.035	156.034	156.037
2025.12.01	10:30	156.033	156.033	156.035	156.037	156.041	156.042	156.048	156.045	156.045	156.043
2025.12.01	10:31	156.038	156.039	156.045	156.048	156.051	156.059	156.057	156.058	156.059	156.057
2025.12.01	10:32	156.057	156.057	156.062	156.063	156.067	156.074	156.070	156.071	156.071	156.068
2025.12.01	10:33	156.081	156.081	156.093	156.096	156.105	156.114	156.114	156.112	156.114	156.110
2025.12.01	10:34	156.109	156.110	156.112	156.115	156.119	156.119	156.124	156.119	156.122	156.118
2025.12.01	10:35	156.117	156.119	156.118	156.118	156.120	156.119	156.122	156.120	156.123	156.121
2025.12.01	10:36	156.122	156.121	156.123	156.116	156.117	156.110	156.111	156.104	156.102	156.098
2025.12.01	10:37	156.096	156.098	156.099	156.103	156.104	156.106	156.114	156.112	156.114	156.113
2025.12.01	10:38	156.110	156.110	156.111	156.113	156.112	156.115	156.116	156.117	156.116	156.115
2025.12.01	10:39	156.143	156.141	156.148	156.142	156.138	156.136	156.128	156.128	156.124	156.121
2025.12.01	10:40	156.114	156.112	156.107	156.102	156.100	156.097	156.096	156.096	156.096	156.097
2025.12.01	10:41	156.096	156.096	156.095	156.097	156.096	156.095	156.097	156.096	156.097	156.098
2025.12.01	10:42	156.103	156.101	156.103	156.096	156.092	156.088	156.081	156.082	156.082	156.083
2025.12.01	10:43	156.090	156.091	156.096	156.101	156.102	156.110	156.108	156.109	156.108	156.106
2025.12.01	10:44	156.108	156.106	156.107	156.102	156.097	156.097	156.091	156.090	156.090	156.084
2025.12.01	10:45	156.093	156.090	156.089	156.082	156.073	156.072	156.066	156.069	156.069	156.073
2025.12.01	10:46	156.070	156.070	156.068	156.069	156.067	156.063	156.067	156.067	156.068	156.072
2025.12.01	10:47	156.078	156.078	156.081	156.083	156.083	156.083	156.083	156.084	156.083	156.083
2025.12.01	10:48	156.076	156.077	156.078	156.080	156.084	156.088	156.087	156.089	156.088	156.086
2025.12.01	10:49	156.088	156.086	156.066	156.062	156.045	156.022	156.029	156.025	156.027	156.030
2025.12.01	10:50	156.034	156.034	156.024	156.022	156.013	156.006	156.021	156.017	156.019	156.026
2025.12.01	10:51	156.017	156.020	156.015	156.018	156.019	156.021	156.023	156.025	156.026	156.029
2025.12.01	10:52	156.034	156.033	156.032	156.025	156.016	156.014	156.003	156.009	156.009	156.012
2025.12.01	10:53	156.019	156.017	156.019	156.011	156.009	156.000	155.997	155.991	155.986	155.979
2025.12.01	10:54	155.979	155.979	155.973	155.958	155.943	155.936	155.911	155.913	155.913	155.916
2025.12.01	10:55	155.915	155.916	155.918	155.921	155.925	155.925	155.932	155.930	155.932	155.931
2025.12.01	10:56	155.938	155.940	155.936	155.935	155.931	155.926	155.926	155.926	155.926	155.926
2025.12.01	10:57	155.911	155.915	155.907	155.914	155.913	155.919	155.920	155.923	155.925	155.930
2025.12.01	10:58	155.926	155.925	155.922	155.921	155.918	155.914	155.914	155.915	155.914	155.917
2025.12.01	10:59	155.920	155.918	155.915	155.914	155.906	155.903	155.905	155.903	155.904	155.905
2025.12.01	11:00	155.909	155.907	155.904	155.892	155.883	155.877	155.862	155.879	155.874	155.885
2025.12.01	11:01	155.887	155.884	155.871	155.860	155.835	155.828	155.812	155.811	155.811	155.813
2025.12.01	11:02	155.791	155.796	155.790	155.801	155.810	155.817	155.830	155.817	155.822	155.813
2025.12.01	11:03	155.824	155.819	155.816	155.808	155.790	155.786	155.771	155.773	155.772	155.774
2025.12.01	11:04	155.767	155.771	155.773	155.787	155.800	155.808	155.832	155.830	155.831	155.830
2025.12.01	11:05	155.813	155.814	155.814	155.824	155.837	155.840	155.857	155.849	155.851	155.845
2025.12.01	11:06	155.823	155.827	155.828	155.836	155.852	155.854	155.868	155.865	155.866	155.866
2025.12.01	11:07	155.869	155.870	155.861	155.860	155.853	155.841	155.852	155.851	155.852	155.858
2025.12.01	11:08	155.870	155.867	155.866	155.861	155.851	155.849	155.843	155.843	155.844	155.846
2025.12.01	11:09	155.828	155.828	155.830	155.833	155.845	155.851	155.858	155.857	155.858	155.855
2025.12.01	11:10	155.849	155.851	155.850	155.855	155.863	155.864	155.872	155.867	155.869	155.864
2025.12.01	11:11	155.866	155.867	155.860	155.858	155.853	155.844	155.846	155.845	155.844	155.847
2025.12.01	11:12	155.847	155.848	155.841	155.839	155.829	155.824	155.826	155.826	155.827	155.832
2025.12.01	11:13	155.817	155.817	155.819	155.822	155.834	155.840	155.838	155.840	155.838	155.833
2025.12.01	11:14	155.832	155.832	155.843	155.852	155.872	155.875	155.893	155.889	155.890	155.889
2025.12.01	11:15	155.882	155.879	155.875	155.867	155.866	155.860	155.855	155.853	155.852	155.846
2025.12.01	11:16	155.822	155.827	155.821	155.831	155.839	155.844	155.855	155.848	155.850	155.846
2025.12.01	11:17	155.845	155.844	155.840	155.835	155.828	155.827	155.819	155.829	155.828	155.833
2025.12.01	11:18	155.840	155.837	155.841	155.827	155.826	155.814	155.809	155.800	155.800	155.786
2025.12.01	11:19	155.785	155.784	155.789	155.796	155.807	155.809	155.825	155.815	155.818	155.812
2025.12.01	11:20	155.814	155.812	155.813	155.807	155.807	155.803	155.797	155.806	155.805	155.810
2025.12.01	11:21	155.809	155.808	155.804	155.797	155.788	155.784	155.773	155.798	155.793	155.807
2025.12.01	11:22	155.799	155.799	155.793	155.791	155.785	155.783	155.786	155.792	155.793	155.799
2025.12.01	11:23	155.777	155.784	155.770	155.778	155.779	155.786	155.786	155.795	155.796	155.806
2025.12.01	11:24	155.805	155.805	155.795	155.791	155.779	155.770	155.772	155.770	155.771	155.775
2025.12.01	11:25	155.762	155.764	155.763	155.770	155.780	155.784	155.796	155.789	155.792	155.786
2025.12.01	11:26	155.784	155.785	155.781	155.777	155.769	155.767	155.757	155.758	155.757	155.760
2025.12.01	11:27	155.750	155.752	155.748	155.754	155.755	155.759	155.759	155.763	155.764	155.769
2025.12.01	11:28	155.761	155.761	155.762	155.763	155.770	155.773	155.774	155.774	155.773	155.770
2025.12.01	11:29	155.759	155.759	155.749	155.746	155.738	155.734	155.728	155.730	155.728	155.730
2025.12.01	11:30	155.719	155.722	155.720	155.729	155.737	155.744	155.756	155.753	155.756	155.751
2025.12.01	11:31	155.744	155.746	155.738	155.739	155.732	155.725	155.731	155.727	155.729	155.734
2025.12.01	11:32	155.709	155.709	155.711	155.713	155.727	155.736	155.738	155.739	155.739	155.737
2025.12.01	11:33	155.747	155.744	155.743	155.739	155.733	155.732	155.724	155.725	155.724	155.725
2025.12.01	11:34	155.713	155.718	155.711	155.717	155.714	155.721	155.720	155.727	155.726	155.733
2025.12.01	11:35	155.736	155.736	155.738	155.740	155.744	155.745	155.746	155.744	155.746	155.743
2025.12.01	11:36	155.759	155.755	155.762	155.754	155.750	155.745	155.737	155.739	155.735	155.727
2025.12.01	11:37	155.727	155.726	155.730	155.735	155.737	155.737	155.738	155.738	155.739	155.737
2025.12.01	11:38	155.739	155.739	155.735	155.733	155.727	155.723	155.721	155.720	155.719	155.714
2025.12.01	11:39	155.712	155.712	155.717	155.718	155.722	155.727	155.726	155.728	155.728	155.726
2025.12.01	11:40	155.730	155.727	155.724	155.722	155.712	155.710	155.708	155.708	155.708	155.710
2025.12.01	11:41	155.703	155.704	155.704	155.711	155.716	155.720	155.729	155.725	155.728	155.724
2025.12.01	11:42	155.716	155.718	155.716	155.720	155.724	155.726	155.734	155.732	155.732	155.730
2025.12.01	11:43	155.722	155.726	155.723	155.728	155.729	155.735	155.740	155.735	155.737	155.733
2025.12.01	11:44	155.726	155.731	155.730	155.729	155.734	155.740	155.737	155.738	155.738	155.738
2025.12.01	11:45	155.729	155.731	155.721	155.722	155.713	155.711	155.715	155.717	155.717	155.725
2025.12.01	11:46	155.724	155.724	155.720	155.721	155.715	155.717	155.713	155.713	155.713	155.713
2025.12.01	11:47	155.700	155.701	155.700	155.703	155.711	155.712	155.718	155.715	155.717	155.713
2025.12.01	11:48	155.723	155.723	155.722	155.715	155.708	155.704	155.692	155.693	155.692	155.693
2025.12.01	11:49	155.677	155.679	155.682	155.687	155.700	155.705	155.711	155.708	155.710	155.703
2025.12.01	11:50	155.728	155.724	155.735	155.727	155.722	155.717	155.710	155.707	155.704	155.695
2025.12.01	11:51	155.685	155.689	155.689	155.700	155.709	155.714	155.727	155.724	155.726	155.724
2025.12.01	11:52	155.741	155.741	155.751	155.752	155.760	155.765	155.773	155.769	155.770	155.766
2025.12.01	11:53	155.762	155.763	155.766	155.772	155.777	155.783	155.794	155.789	155.790	155.788
2025.12.01	11:54	155.775	155.777	155.780	155.787	155.799	155.801	155.815	155.809	155.810	155.807
2025.12.01	11:55	155.811	155.812	155.811	155.803	155.798	155.792	155.785	155.781	155.780	155.782
2025.12.01	11:56	155.777	155.780	155.776	155.781	155.782	155.786	155.790	155.789	155.788	155.788
2025.12.01	11:57	155.780	155.781	155.786	155.804	155.820	155.831	155.855	155.849	155.852	155.846
2025.12.01	11:58	155.833	155.836	155.830	155.835	155.832	155.838	155.838	155.843	155.841	155.849
2025.12.01	11:59	155.855	155.854	155.853	155.840	155.830	155.822	155.805	155.803	155.803	155.804
2025.12.01	12:00	155.794	155.799	155.800	155.814	155.827	155.835	155.852	155.837	155.843	155.832
2025.12.01	12:01	155.841	155.838	155.843	155.832	155.830	155.821	155.814	155.814	155.812	155.817
2025.12.01	12:02	155.822	155.820	155.822	155.814	155.811	155.805	155.798	155.804	155.804	155.810
2025.12.01	12:03	155.820	155.819	155.829	155.829	155.837	155.838	155.848	155.845	155.846	155.844
2025.12.01	12:04	155.836	155.837	155.828	155.828	155.821	155.819	155.812	155.817	155.815	155.820
2025.12.01	12:05	155.732	155.749	155.731	155.797	155.849	155.893	155.969	155.939	155.952	155.913
2025.12.01	12:06	155.927	155.925	155.902	155.847	155.792	155.761	155.680	155.725	155.712	155.745
2025.12.01	12:07	155.778	155.767	155.770	155.728	155.695	155.669	155.622	155.611	155.613	155.618
2025.12.01	12:08	155.669	155.659	155.673	155.648	155.628	155.612	155.584	155.585	155.590	155.605
2025.12.01	12:09	155.611	155.610	155.602	155.578	155.560	155.542	155.515	155.509	155.509	155.513
2025.12.01	12:10	155.490	155.497	155.491	155.511	155.525	155.539	155.559	155.562	155.561	155.554
2025.12.01	12:11	155.546	155.549	155.562	155.594	155.624	155.643	155.685	155.651	155.661	155.639
2025.12.01	12:12	155.614	155.615	155.588	155.589	155.563	155.563	155.542	155.567	155.556	155.576
2025.12.01	12:13	155.539	155.542	155.537	155.551	155.571	155.575	155.599	155.596	155.599	155.597
2025.12.01	12:14	155.596	155.595	155.606	155.611	155.629	155.638	155.646	155.644	155.645	155.644
2025.12.01	12:15	155.663	155.661	155.654	155.640	155.612	155.606	155.576	155.575	155.576	155.576
2025.12.01	12:16	155.560	155.563	155.566	155.586	155.604	155.619	155.646	155.631	155.637	155.624
2025.12.01	12:17	155.597	155.599	155.599	155.607	155.625	155.628	155.639	155.631	155.633	155.628
2025.12.01	12:18	155.616	155.618	155.619	155.637	155.650	155.661	155.683	155.665	155.670	155.656
2025.12.01	12:19	155.647	155.647	155.639	155.637	155.631	155.625	155.638	155.637	155.644	155.652
2025.12.01	12:20	155.639	155.639	155.627	155.625	155.615	155.611	155.604	155.607	155.606	155.610
2025.12.01	12:21	155.611	155.611	155.612	155.604	155.605	155.597	155.595	155.588	155.588	155.577
2025.12.01	12:22	155.556	155.562	155.549	155.558	155.559	155.567	155.569	155.576	155.578	155.589
2025.12.01	12:23	155.554	155.552	155.554	155.559	155.580	155.589	155.599	155.596	155.596	155.594
2025.12.01	12:24	155.605	155.602	155.607	155.603	155.600	155.596	155.592	155.590	155.587	155.581
2025.12.01	12:25	155.571	155.574	155.563	155.565	155.556	155.557	155.548	155.561	155.554	155.565
2025.12.01	12:26	155.555	155.559	155.564	155.577	155.599	155.601	155.627	155.621	155.624	155.621
2025.12.01	12:27	155.608	155.614	155.611	155.619	155.628	155.630	155.643	155.640	155.641	155.639
2025.12.01	12:28	155.635	155.638	155.643	155.652	155.662	155.665	155.680	155.670	155.673	155.667
2025.12.01	12:29	155.647	155.643	155.628	155.620	155.609	155.592	155.595	155.594	155.595	155.601
2025.12.01	12:30	155.591	155.594	155.589	155.600	155.599	155.612	155.609	155.622	155.622	155.633
2025.12.01	12:31	155.629	155.629	155.642	155.652	155.675	155.679	155.698	155.692	155.696	155.691
2025.12.01	12:32	155.688	155.687	155.695	155.702	155.719	155.721	155.734	155.728	155.730	155.726
2025.12.01	12:33	155.739	155.739	155.754	155.756	155.768	155.776	155.785	155.781	155.782	155.779
2025.12.01	12:34	155.762	155.761	155.765	155.765	155.772	155.782	155.781	155.780	155.781	155.780
2025.12.01	12:35	155.770	155.775	155.777	155.788	155.801	155.804	155.824	155.820	155.821	155.821
2025.12.01	12:36	155.824	155.824	155.823	155.812	155.807	155.799	155.792	155.786	155.785	155.770
2025.12.01	12:37	155.749	155.757	155.742	155.750	155.751	155.758	155.758	155.767	155.766	155.775
2025.12.01	12:38	155.792	155.788	155.798	155.791	155.790	155.783	155.781	155.777	155.774	155.768
2025.12.01	12:39	155.752	155.750	155.738	155.731	155.725	155.711	155.711	155.696	155.693	155.683
2025.12.01	12:40	155.680	155.680	155.679	155.685	155.687	155.693	155.697	155.698	155.700	155.698
2025.12.01	12:41	155.696	155.696	155.699	155.708	155.721	155.722	155.740	155.739	155.740	155.738
2025.12.01	12:42	155.735	155.734	155.741	155.747	155.760	155.763	155.766	155.759	155.760	155.751
2025.12.01	12:43	155.751	155.752	155.741	155.734	155.729	155.721	155.721	155.721	155.721	155.722
2025.12.01	12:44	155.708	155.707	155.710	155.711	155.716	155.724	155.723	155.724	155.723	155.723
2025.12.01	12:45	155.714	155.714	155.712	155.719	155.721	155.725	155.733	155.727	155.729	155.724
2025.12.01	12:46	155.730	155.728	155.726	155.722	155.715	155.714	155.709	155.710	155.711	155.713
2025.12.01	12:47	155.733	155.732	155.742	155.743	155.753	155.754	155.763	155.761	155.761	155.759
2025.12.01	12:48	155.770	155.771	155.767	155.763	155.754	155.746	155.744	155.743	155.743	155.745
2025.12.01	12:49	155.755	155.751	155.751	155.739	155.729	155.721	155.705	155.707	155.705	155.708
2025.12.01	12:50	155.711	155.712	155.701	155.696	155.678	155.669	155.667	155.667	155.667	155.672
2025.12.01	12:51	155.673	155.671	155.671	155.663	155.659	155.655	155.648	155.647	155.640	155.634
2025.12.01	12:52	155.642	155.642	155.640	155.636	155.627	155.626	155.619	155.623	155.623	155.628
2025.12.01	12:53	155.634	155.631	155.631	155.626	155.620	155.623	155.615	155.617	155.616	155.616
2025.12.01	12:54	155.612	155.612	155.615	155.616	155.622	155.625	155.627	155.626	155.627	155.624
2025.12.01	12:55	155.608	155.609	155.593	155.594	155.580	155.578	155.564	155.565	155.563	155.566
2025.12.01	12:56	155.580	155.574	155.586	155.575	155.575	155.564	155.564	155.554	155.554	155.543
2025.12.01	12:57	155.536	155.537	155.542	155.549	155.564	155.566	155.581	155.581	155.581	155.580
2025.12.01	12:58	155.588	155.587	155.594	155.595	155.602	155.601	155.609	155.603	155.603	155.600
2025.12.01	12:59	155.612	155.613	155.623	155.628	155.634	155.643	155.640	155.643	155.642	155.639
2025.12.01	13:00	155.649	155.647	155.651	155.638	155.637	155.626	155.621	155.612	155.608	155.597
2025.12.01	13:01	155.603	155.602	155.595	155.592	155.577	155.570	155.562	155.563	155.563	155.564
2025.12.01	13:02	155.559	155.559	155.564	155.574	155.585	155.590	155.607	155.594	155.597	155.590
2025.12.01	13:03	155.581	155.582	155.571	155.572	155.563	155.562	155.553	155.557	155.556	155.559
2025.12.01	13:04	155.544	155.546	155.544	155.552	155.561	155.564	155.578	155.571	155.573	155.568
2025.12.01	13:05	155.584	155.583	155.581	155.570	155.552	155.550	155.533	155.535	155.533	155.535
2025.12.01	13:06	155.550	155.550	155.564	155.568	155.579	155.585	155.592	155.591	155.593	155.592
2025.12.01	13:07	155.573	155.577	155.571	155.578	155.581	155.585	155.591	155.589	155.593	155.601
2025.12.01	13:08	155.602	155.600	155.598	155.592	155.587	155.585	155.574	155.574	155.569	155.566
2025.12.01	13:09	155.561	155.562	155.563	155.567	155.574	155.574	155.581	155.579	155.582	155.591
2025.12.01	13:10	155.592	155.592	155.596	155.598	155.601	155.606	155.603	155.603	155.604	155.603
2025.12.01	13:11	155.605	155.603	155.600	155.595	155.588	155.587	155.576	155.578	155.573	155.566
2025.12.01	13:12	155.564	155.564	155.569	155.572	155.581	155.585	155.585	155.586	155.585	155.580
2025.12.01	13:13	155.588	155.588	155.588	155.584	155.576	155.573	155.567	155.567	155.567	155.568
2025.12.01	13:14	155.576	155.574	155.575	155.568	155.559	155.558	155.549	155.547	155.541	155.537
2025.12.01	13:15	155.543	155.541	155.546	155.544	155.551	155.550	155.548	155.546	155.548	155.544
2025.12.01	13:16	155.530	155.531	155.536	155.540	155.555	155.562	155.563	155.563	155.562	155.554
2025.12.01	13:17	155.550	155.553	155.552	155.556	155.560	155.560	155.565	155.564	155.563	155.563
2025.12.01	13:18	155.578	155.577	155.574	155.573	155.563	155.558	155.556	155.555	155.555	155.557
2025.12.01	13:19	155.562	155.564	155.553	155.552	155.542	155.528	155.530	155.531	155.530	155.532
2025.12.01	13:20	155.527	155.526	155.529	155.534	155.543	155.544	155.552	155.551	155.552	155.550
2025.12.01	13:21	155.544	155.545	155.544	155.545	155.545	155.548	155.547	155.549	155.551	155.555
2025.12.01	13:22	155.553	155.553	155.558	155.566	155.577	155.579	155.594	155.592	155.594	155.592
2025.12.01	13:23	155.597	155.596	155.596	155.593	155.586	155.583	155.578	155.578	155.578	155.579
2025.12.01	13:24	155.579	155.578	155.586	155.591	155.594	155.589	155.590	155.589	155.587	155.580
2025.12.01	13:25	155.587	155.584	155.585	155.581	155.577	155.577	155.573	155.576	155.574	155.577
2025.12.01	13:26	155.571	155.572	155.571	155.575	155.581	155.582	155.592	155.592	155.592	155.591
2025.12.01	13:27	155.588	155.588	155.592	155.596	155.605	155.606	155.612	155.606	155.607	155.601
2025.12.01	13:28	155.607	155.609	155.602	155.598	155.588	155.580	155.582	155.580	155.581	155.584
2025.12.01	13:29	155.587	155.587	155.589	155.591	155.591	155.593	155.591	155.591	155.591	155.590
2025.12.01	13:30	155.592	155.592	155.589	155.584	155.576	155.575	155.566	155.568	155.566	155.570
2025.12.01	13:31	155.573	155.576	155.575	155.579	155.580	155.583	155.586	155.588	155.591	155.596
2025.12.01	13:32	155.599	155.598	155.598	155.595	155.588	155.585	155.586	155.585	155.586	155.591
2025.12.01	13:33	155.611	155.612	155.611	155.609	155.598	155.590	155.589	155.588	155.588	155.589
2025.12.01	13:34	155.588	155.588	155.585	155.585	155.581	155.577	155.577	155.577	155.577	155.577
2025.12.01	13:35	155.572	155.570	155.566	155.561	155.560	155.556	155.569	155.564	155.567	155.577
2025.12.01	13:36	155.579	155.579	155.575	155.574	155.567	155.561	155.564	155.562	155.563	155.569
2025.12.01	13:37	155.558	155.559	155.548	155.548	155.537	155.538	155.525	155.530	155.527	155.531
2025.12.01	13:38	155.543	155.540	155.543	155.538	155.534	155.531	155.524	155.524	155.522	155.523
2025.12.01	13:39	155.509	155.512	155.498	155.499	155.486	155.484	155.473	155.485	155.480	155.489
2025.12.01	13:40	155.494	155.492	155.489	155.485	155.476	155.472	155.467	155.470	155.469	155.474
2025.12.01	13:41	155.483	155.481	155.487	155.481	155.482	155.477	155.479	155.475	155.475	155.470
2025.12.01	13:42	155.474	155.471	155.471	155.472	155.468	155.464	155.468	155.467	155.468	155.469
2025.12.01	13:43	155.489	155.490	155.484	155.482	155.466	155.456	155.455	155.455	155.456	155.458
2025.12.01	13:44	155.461	155.462	155.461	155.467	155.471	155.474	155.482	155.473	155.477	155.470
2025.12.01	13:45	155.460	155.464	155.466	155.468	155.478	155.481	155.486	155.486	155.486	155.486
2025.12.01	13:46	155.488	155.488	155.489	155.485	155.484	155.481	155.479	155.477	155.476	155.471
2025.12.01	13:47	155.469	155.469	155.470	155.473	155.474	155.475	155.476	155.479	155.480	155.483
2025.12.01	13:48	155.477	155.479	155.473	155.474	155.469	155.463	155.464	155.464	155.463	155.465
2025.12.01	13:49	155.466	155.467	155.466	155.472	155.472	155.477	155.483	155.472	155.474	155.468
2025.12.01	13:50	155.470	155.470	155.467	155.462	155.455	155.453	155.444	155.445	155.445	155.447
2025.12.01	13:51	155.448	155.449	155.448	155.449	155.448	155.447	155.449	155.450	155.449	155.449
2025.12.01	13:52	155.455	155.456	155.451	155.451	155.446	155.438	155.438	155.439	155.438	155.439
2025.12.01	13:53	155.446	155.444	155.447	155.442	155.438	155.435	155.427	155.428	155.428	155.430
2025.12.01	13:54	155.434	155.434	155.438	155.439	155.440	155.443	155.443	155.447	155.445	155.450
2025.12.01	13:55	155.457	155.456	155.457	155.453	155.447	155.445	155.436	155.440	155.439	155.443
2025.12.01	13:56	155.443	155.442	155.447	155.447	155.450	155.457	155.457	155.456	155.457	155.456
2025.12.01	13:57	155.447	155.448	155.451	155.453	155.461	155.467	155.469	155.473	155.477	155.479
2025.12.01	13:58	155.468	155.467	155.459	155.455	155.450	155.442	155.449	155.446	155.448	155.450
2025.12.01	13:59	155.463	155.468	155.476	155.487	155.489	155.503	155.500	155.502	155.502	155.499
2025.12.01	14:00	155.499	155.499	155.508	155.516	155.533	155.535	155.550	155.546	155.547	155.546
2025.12.01	14:01	155.553	155.557	155.553	155.548	155.545	155.544	155.543	155.543	155.544	155.544
2025.12.01	14:02	155.542	155.541	155.547	155.549	155.556	155.563	155.557	155.559	155.559	155.554
2025.12.01	14:03	155.561	155.563	155.568	155.572	155.575	155.582	155.581	155.583	155.583	155.581
2025.12.01	14:04	155.569	155.571	155.569	155.572	155.575	155.576	155.582	155.580	155.582	155.580
2025.12.01	14:05	155.573	155.577	155.571	155.576	155.584	155.585	155.594	155.592	155.594	155.592
2025.12.01	14:06	155.584	155.584	155.577	155.574	155.569	155.566	155.563	155.556	155.554	155.544
2025.12.01	14:07	155.542	155.541	155.545	155.547	155.552	155.555	155.554	155.549	155.551	155.545
2025.12.01	14:08	155.539	155.538	155.532	155.525	155.524	155.529	155.529	155.533	155.537	155.541
2025.12.01	14:09	155.545	155.544	155.550	155.550	155.552	155.558	155.555	155.555	155.556	155.553
2025.12.01	14:10	155.556	155.554	155.555	155.551	155.549	155.548	155.543	155.544	155.542	155.544
2025.12.01	14:11	155.538	155.538	155.536	155.534	155.532	155.527	155.535	155.534	155.536	155.539
2025.12.01	14:12	155.531	155.533	155.532	155.534	155.538	155.538	155.541	155.541	155.541	155.541
2025.12.01	14:13	155.532	155.529	155.522	155.516	155.512	155.503	155.502	155.492	155.489	155.478
2025.12.01	14:14	155.482	155.479	155.479	155.475	155.469	155.468	155.463	155.469	155.467	155.474
2025.12.01	14:15	155.471	155.471	155.470	155.470	155.467	155.466	155.462	155.464	155.464	155.465
2025.12.01	14:16	155.462	155.462	155.460	155.459	155.458	155.455	155.454	155.454	155.454	155.454
2025.12.01	14:17	155.446	155.446	155.448	155.450	155.459	155.464	155.469	155.468	155.469	155.468
2025.12.01	14:18	155.471	155.471	155.468	155.468	155.464	155.460	155.461	155.460	155.460	155.465
2025.12.01	14:19	155.468	155.468	155.471	155.472	155.473	155.474	155.473	155.473	155.474	155.471
2025.12.01	14:20	155.460	155.461	155.462	155.463	155.470	155.474	155.472	155.474	155.473	155.472
2025.12.01	14:21	155.474	155.474	155.471	155.471	155.469	155.469	155.465	155.466	155.461	155.459
2025.12.01	14:22	155.463	155.463	155.464	155.468	155.470	155.471	155.475	155.475	155.475	155.474
2025.12.01	14:23	155.474	155.474	155.474	155.473	155.473	155.473	155.471	155.472	155.471	155.473
2025.12.01	14:24	155.471	155.472	155.475	155.478	155.482	155.483	155.488	155.486	155.488	155.487
2025.12.01	14:25	155.478	155.477	155.479	155.479	155.482	155.484	155.484	155.485	155.485	155.489
2025.12.01	14:26	155.488	155.488	155.495	155.499	155.498	155.504	155.501	155.502	155.503	155.500
2025.12.01	14:27	155.499	155.501	155.501	155.500	155.501	155.501	155.500	155.500	155.498	155.498
2025.12.01	14:28	155.499	155.499	155.495	155.495	155.491	155.488	155.488	155.488	155.488	155.489
2025.12.01	14:29	155.487	155.487	155.491	155.494	155.495	155.501	155.500	155.500	155.500	155.499
2025.12.01	14:30	155.499	155.498	155.500	155.494	155.495	155.489	155.490	155.494	155.494	155.498
2025.12.01	14:31	155.498	155.497	155.498	155.497	155.498	155.497	155.498	155.494	155.494	155.494
2025.12.01	14:32	155.494	155.494	155.491	155.491	155.488	155.485	155.489	155.486	155.487	155.492
2025.12.01	14:33	155.488	155.487	155.486	155.488	155.485	155.485	155.486	155.484	155.485	155.486
2025.12.01	14:34	155.482	155.483	155.478	155.479	155.476	155.475	155.472	155.472	155.472	155.473
2025.12.01	14:35	155.468	155.468	155.466	155.464	155.462	155.459	155.459	155.460	155.460	155.461
2025.12.01	14:36	155.459	155.459	155.460	155.462	155.465	155.465	155.469	155.469	155.469	155.468
2025.12.01	14:37	155.472	155.474	155.472	155.474	155.470	155.469	155.473	155.471	155.471	155.474
2025.12.01	14:38	155.472	155.472	155.474	155.474	155.477	155.479	155.479	155.480	155.481	155.485
2025.12.01	14:39	155.485	155.484	155.494	155.498	155.502	155.506	155.504	155.502	155.501	155.497
2025.12.01	14:40	155.506	155.505	155.505	155.505	155.500	155.500	155.497	155.499	155.496	155.493
2025.12.01	14:41	155.488	155.486	155.486	155.483	155.481	155.481	155.480	155.479	155.478	155.474
2025.12.01	14:42	155.478	155.478	155.475	155.472	155.465	155.464	155.459	155.459	155.459	155.459
2025.12.01	14:43	155.451	155.450	155.446	155.442	155.442	155.436	155.436	155.437	155.436	155.437
2025.12.01	14:44	155.434	155.436	155.433	155.437	155.436	155.439	155.444	155.439	155.442	155.438
2025.12.01	14:45	155.441	155.441	155.441	155.437	155.432	155.430	155.424	155.424	155.422	155.417
2025.12.01	14:46	155.420	155.422	155.421	155.421	155.420	155.420	155.420	155.419	155.419	155.415
2025.12.01	14:47	155.411	155.412	155.414	155.413	155.416	155.417	155.420	155.419	155.422	155.423
2025.12.01	14:48	155.424	155.423	155.425	155.423	155.424	155.421	155.422	155.422	155.422	155.423
2025.12.01	14:49	155.426	155.428	155.427	155.427	155.426	155.425	155.427	155.427	155.426	155.423
2025.12.01	14:50	155.422	155.421	155.423	155.424	155.423	155.424	155.425	155.424	155.424	155.424
2025.12.01	14:51	155.424	155.427	155.431	155.435	155.438	155.442	155.445	155.444	155.445	155.444
2025.12.01	14:52	155.443	155.441	155.442	155.441	155.440	155.439	155.440	155.439	155.437	155.434
2025.12.01	14:53	155.434	155.434	155.437	155.439	155.443	155.443	155.446	155.443	155.443	155.442
2025.12.01	14:54	155.444	155.447	155.447	155.450	155.450	155.453	155.457	155.453	155.452	155.450
2025.12.01	14:55	155.443	155.444	155.437	155.435	155.430	155.429	155.429	155.428	155.430	155.431
2025.12.01	14:56	155.432	155.431	155.433	155.434	155.433	155.437	155.436	155.437	155.435	155.435
2025.12.01	14:57	155.444	155.444	155.456	155.461	155.465	155.472	155.474	155.473	155.474	155.473
2025.12.01	14:58	155.488	155.486	155.487	155.484	155.476	155.474	155.469	155.467	155.462	155.459
2025.12.01	14:59	155.458	155.459	155.458	155.459	155.458	155.458	155.460	155.458	155.459	155.459
2025.12.01	15:00	155.464	155.461	155.459	155.459	155.457	155.453	155.457	155.455	155.456	155.458
2025.12.01	15:01	155.451	155.454	155.454	155.454	155.459	155.460	155.457	155.459	155.458	155.457
2025.12.01	15:02	155.456	155.455	155.459	155.464	155.466	155.462	155.464	155.464	155.464	155.460
2025.12.01	15:03	155.457	155.456	155.462	155.465	155.467	155.474	155.474	155.474	155.474	155.473
2025.12.01	15:04	155.475	155.475	155.474	155.475	155.474	155.473	155.469	155.469	155.469	155.470
2025.12.01	15:05	155.470	155.471	155.470	155.470	155.470	155.469	155.471	155.471	155.470	155.470
2025.12.01	15:06	155.470	155.469	155.469	155.471	155.472	155.471	155.472	155.472	155.473	155.471
2025.12.01	15:07	155.471	155.471	155.467	155.460	155.450	155.448	155.434	155.434	155.434	155.434
2025.12.01	15:08	155.434	155.435	155.436	155.434	155.439	155.438	155.439	155.440	155.439	155.438
2025.12.01	15:09	155.436	155.437	155.435	155.436	155.434	155.435	155.431	155.433	155.432	155.432
2025.12.01	15:10	155.433	155.434	155.433	155.432	155.433	155.436	155.433	155.435	155.433	155.433
2025.12.01	15:11	155.434	155.436	155.435	155.434	155.431	155.431	155.430	155.429	155.429	155.430
2025.12.01	15:12	155.429	155.429	155.431	155.435	155.440	155.441	155.449	155.447	155.449	155.446
2025.12.01	15:13	155.444	155.444	155.447	155.447	155.448	155.451	155.449	155.449	155.450	155.448
2025.12.01	15:14	155.453	155.450	155.451	155.453	155.449	155.447	155.447	155.447	155.447	155.447
2025.12.01	15:15	155.447	155.447	155.447	155.447	155.447	155.446	155.446	155.446	155.447	155.450
2025.12.01	15:16	155.449	155.448	155.454	155.455	155.457	155.462	155.462	155.461	155.461	155.460
2025.12.01	15:17	155.460	155.461	155.463	155.464	155.471	155.471	155.475	155.474	155.473	155.473
2025.12.01	15:18	155.476	155.474	155.477	155.477	155.475	155.478	155.476	155.478	155.477	155.481
2025.12.01	15:19	155.484	155.483	155.488	155.487	155.490	155.491	155.491	155.486	155.490	155.485
2025.12.01	15:20	155.479	155.480	155.473	155.474	155.469	155.466	155.464	155.468	155.464	155.470
2025.12.01	15:21	155.464	155.465	155.459	155.459	155.455	155.454	155.449	155.456	155.453	155.460
2025.12.01	15:22	155.463	155.463	155.460	155.459	155.455	155.451	155.451	155.451	155.452	155.453
2025.12.01	15:23	155.453	155.452	155.453	155.452	155.451	155.451	155.451	155.449	155.450	155.448
2025.12.01	15:24	155.448	155.448	155.448	155.449	155.450	155.452	155.453	155.453	155.453	155.453
2025.12.01	15:25	155.455	155.454	155.456	155.453	155.454	155.452	155.452	155.453	155.451	155.449
2025.12.01	15:26	155.449	155.452	155.451	155.454	155.453	155.456	155.455	155.461	155.461	155.461
2025.12.01	15:27	155.461	155.460	155.461	155.460	155.461	155.459	155.461	155.460	155.460	155.460
2025.12.01	15:28	155.460	155.461	155.462	155.461	155.461	155.460	155.458	155.458	155.459	155.459
2025.12.01	15:29	155.460	155.463	155.462	155.459	155.454	155.452	155.447	155.441	155.438	155.434
2025.12.01	15:30	155.435	155.435	155.430	155.429	155.427	155.422	155.423	155.423	155.422	155.423
2025.12.01	15:31	155.428	155.427	155.428	155.426	155.423	155.423	155.420	155.420	155.420	155.421
2025.12.01	15:32	155.422	155.422	155.420	155.416	155.413	155.412	155.407	155.406	155.404	155.401
2025.12.01	15:33	155.407	155.406	155.405	155.404	155.399	155.394	155.397	155.396	155.398	155.400
2025.12.01	15:34	155.400	155.400	155.405	155.406	155.408	155.415	155.413	155.413	155.414	155.411
2025.12.01	15:35	155.409	155.407	155.406	155.409	155.408	155.410	155.413	155.413	155.415	155.415
2025.12.01	15:36	155.416	155.414	155.415	155.416	155.414	155.415	155.414	155.413	155.413	155.415
2025.12.01	15:37	155.415	155.416	155.418	155.419	155.421	155.422	155.422	155.421	155.422	155.420
2025.12.01	15:38	155.429	155.428	155.432	155.428	155.426	155.425	155.421	155.420	155.418	155.415
2025.12.01	15:39	155.414	155.415	155.418	155.419	155.423	155.428	155.425	155.427	155.426	155.426
2025.12.01	15:40	155.430	155.430	155.433	155.434	155.435	155.438	155.439	155.439	155.439	155.438
2025.12.01	15:41	155.446	155.449	155.454	155.461	155.462	155.470	155.473	155.478	155.482	155.488
2025.12.01	15:42	155.488	155.487	155.498	155.503	155.505	155.515	155.513	155.513	155.512	155.511
2025.12.01	15:43	155.520	155.520	155.517	155.516	155.512	155.508	155.510	155.507	155.508	155.510
2025.12.01	15:44	155.499	155.503	155.497	155.504	155.505	155.509	155.511	155.516	155.517	155.521
2025.12.01	15:45	155.521	155.520	155.537	155.547	155.554	155.564	155.563	155.562	155.561	155.560
2025.12.01	15:46	155.566	155.564	155.565	155.561	155.559	155.558	155.552	155.557	155.554	155.559
2025.12.01	15:47	155.557	155.559	155.557	155.558	155.556	155.555	155.554	155.555	155.554	155.556
2025.12.01	15:48	155.526	155.533	155.525	155.536	155.552	155.555	155.576	155.574	155.574	155.574
2025.12.01	15:49	155.575	155.574	155.579	155.584	155.593	155.594	155.592	155.587	155.589	155.578
2025.12.01	15:50	155.582	155.580	155.584	155.585	155.583	155.587	155.585	155.588	155.588	155.593
2025.12.01	15:51	155.589	155.590	155.586	155.585	155.582	155.581	155.580	155.579	155.579	155.581
2025.12.01	15:52	155.583	155.583	155.579	155.578	155.574	155.570	155.575	155.572	155.573	155.578
2025.12.01	15:53	155.592	155.589	155.593	155.587	155.579	155.577	155.565	155.572	155.568	155.575
2025.12.01	15:54	155.575	155.578	155.577	155.577	155.574	155.575	155.574	155.571	155.571	155.572
2025.12.01	15:55	155.572	155.571	155.575	155.575	155.577	155.579	155.583	155.581	155.582	155.581
2025.12.01	15:56	155.582	155.582	155.578	155.571	155.562	155.560	155.549	155.560	155.559	155.565
2025.12.01	15:57	155.567	155.566	155.567	155.563	155.562	155.557	155.556	155.553	155.550	155.546
2025.12.01	15:58	155.537	155.540	155.541	155.538	155.542	155.545	155.544	155.545	155.545	155.544
2025.12.01	15:59	155.542	155.541	155.545	155.545	155.547	155.553	155.552	155.551	155.552	155.551
2025.12.01	16:00	155.555	155.555	155.552	155.552	155.551	155.550	155.546	155.548	155.547	155.549
2025.12.01	16:01	155.550	155.549	155.550	155.542	155.541	155.534	155.531	155.525	155.523	155.515
2025.12.01	16:02	155.519	155.517	155.519	155.514	155.513	155.508	155.507	155.504	155.504	155.498
2025.12.01	16:03	155.498	155.499	155.512	155.517	155.525	155.536	155.535	155.536	155.537	155.536
2025.12.01	16:04	155.537	155.537	155.534	155.536	155.534	155.535	155.533	155.535	155.534	155.536
2025.12.01	16:05	155.525	155.524	155.516	155.512	155.509	155.497	155.502	155.499	155.501	155.505
2025.12.01	16:06	155.503	155.503	155.507	155.516	155.524	155.529	155.542	155.536	155.540	155.533
2025.12.01	16:07	155.532	155.532	155.534	155.535	155.538	155.540	155.537	155.540	155.540	155.536
2025.12.01	16:08	155.549	155.548	155.561	155.562	155.574	155.574	155.581	155.573	155.575	155.569
2025.12.01	16:09	155.570	155.570	155.569	155.565	155.563	155.562	155.556	155.555	155.555	155.557
2025.12.01	16:10	155.557	155.558	155.549	155.539	155.533	155.530	155.529	155.529	155.530	155.530
2025.12.01	16:11	155.517	155.518	155.506	155.505	155.493	155.491	155.484	155.503	155.502	155.516
2025.12.01	16:12	155.520	155.520	155.518	155.507	155.498	155.492	155.478	155.487	155.484	155.492
2025.12.01	16:13	155.496	155.494	155.491	155.485	155.475	155.474	155.463	155.467	155.467	155.469
2025.12.01	16:14	155.474	155.471	155.470	155.470	155.469	155.463	155.463	155.463	155.463	155.464
2025.12.01	16:15	155.449	155.451	155.448	155.455	155.462	155.465	155.477	155.477	155.477	155.477
2025.12.01	16:16	155.462	155.465	155.464	155.471	155.480	155.480	155.488	155.485	155.487	155.485
2025.12.01	16:17	155.486	155.485	155.480	155.476	155.469	155.468	155.463	155.470	155.470	155.473
2025.12.01	16:18	155.480	155.479	155.480	155.479	155.475	155.471	155.470	155.470	155.470	155.471
2025.12.01	16:19	155.474	155.473	155.467	155.465	155.454	155.451	155.454	155.453	155.456	155.461
2025.12.01	16:20	155.458	155.460	155.458	155.460	155.457	155.460	155.458	155.462	155.460	155.463
2025.12.01	16:21	155.453	155.457	155.457	155.459	155.467	155.469	155.473	155.473	155.472	155.471
2025.12.01	16:22	155.485	155.485	155.482	155.477	155.464	155.458	155.448	155.449	155.448	155.450
2025.12.01	16:23	155.440	155.440	155.431	155.430	155.421	155.417	155.416	155.422	155.420	155.427
2025.12.01	16:24	155.415	155.418	155.416	155.424	155.435	155.438	155.453	155.450	155.450	155.448
2025.12.01	16:25	155.439	155.437	155.441	155.440	155.446	155.447	155.451	155.450	155.451	155.450
2025.12.01	16:26	155.425	155.429	155.428	155.436	155.457	155.459	155.478	155.476	155.478	155.476
2025.12.01	16:27	155.471	155.472	155.474	155.476	155.483	155.489	155.489	155.491	155.491	155.489
2025.12.01	16:28	155.484	155.485	155.480	155.480	155.475	155.476	155.470	155.473	155.470	155.473
2025.12.01	16:29	155.472	155.472	155.475	155.477	155.481	155.482	155.483	155.478	155.476	155.473
2025.12.01	16:30	155.474	155.474	155.471	155.466	155.459	155.458	155.449	155.457	155.453	155.461
2025.12.01	16:31	155.457	155.458	155.463	155.465	155.469	155.473	155.476	155.475	155.476	155.475
2025.12.01	16:32	155.475	155.475	155.485	155.500	155.520	155.525	155.551	155.551	155.551	155.551
2025.12.01	16:33	155.546	155.548	155.549	155.555	155.562	155.563	155.570	155.570	155.569	155.569
2025.12.01	16:34	155.569	155.568	155.569	155.570	155.568	155.569	155.570	155.570	155.570	155.570
2025.12.01	16:35	155.574	155.573	155.577	155.576	155.580	155.582	155.582	155.580	155.580	155.578
2025.12.01	16:36	155.590	155.586	155.587	155.586	155.580	155.576	155.575	155.574	155.574	155.575
2025.12.01	16:37	155.570	155.570	155.565	155.565	155.561	155.557	155.557	155.556	155.555	155.557
2025.12.01	16:38	155.558	155.558	155.556	155.552	155.549	155.548	155.541	155.542	155.542	155.544
2025.12.01	16:39	155.548	155.545	155.548	155.543	155.541	155.538	155.534	155.541	155.538	155.542
2025.12.01	16:40	155.540	155.540	155.541	155.542	155.541	155.542	155.543	155.544	155.544	155.545
2025.12.01	16:41	155.553	155.553	155.559	155.562	155.566	155.570	155.573	155.571	155.571	155.570
2025.12.01	16:42	155.578	155.578	155.585	155.587	155.592	155.596	155.598	155.597	155.597	155.596
2025.12.01	16:43	155.592	155.594	155.592	155.593	155.591	155.590	155.590	155.591	155.590	155.592
2025.12.01	16:44	155.591	155.591	155.587	155.587	155.583	155.580	155.580	155.580	155.580	155.581
2025.12.01	16:45	155.586	155.588	155.585	155.583	155.577	155.573	155.574	155.574	155.573	155.577
2025.12.01	16:46	155.577	155.577	155.572	155.564	155.555	155.551	155.536	155.538	155.538	155.540
2025.12.01	16:47	155.544	155.544	155.546	155.548	155.550	155.555	155.554	155.553	155.553	155.553
2025.12.01	16:48	155.552	155.549	155.550	155.548	155.546	155.544	155.545	155.543	155.542	155.540
2025.12.01	16:49	155.540	155.541	155.545	155.545	155.550	155.557	155.555	155.557	155.556	155.555
2025.12.01	16:50	155.564	155.564	155.558	155.557	155.554	155.548	155.551	155.550	155.551	155.552
2025.12.01	16:51	155.556	155.557	155.558	155.561	155.562	155.566	155.562	155.563	155.564	155.561
2025.12.01	16:52	155.561	155.560	155.558	155.560	155.556	155.554	155.556	155.554	155.555	155.556
2025.12.01	16:53	155.555	155.554	155.558	155.560	155.565	155.569	155.567	155.568	155.569	155.565
2025.12.01	16:54	155.571	155.571	155.574	155.576	155.579	155.582	155.584	155.583	155.584	155.582
2025.12.01	16:55	155.583	155.582	155.578	155.573	155.566	155.565	155.557	155.571	155.571	155.580
2025.12.01	16:56	155.580	155.579	155.584	155.588	155.596	155.597	155.604	155.603	155.603	155.601
2025.12.01	16:57	155.605	155.602	155.600	155.595	155.585	155.583	155.578	155.587	155.586	155.592
2025.12.01	16:58	155.582	155.584	155.585	155.586	155.594	155.597	155.599	155.598	155.598	155.593
2025.12.01	16:59	155.612	155.608	155.615	155.609	155.609	155.605	155.597	155.599	155.596	155.592
2025.12.01	17:00	155.593	155.592	155.598	155.600	155.607	155.614	155.609	155.611	155.611	155.606
2025.12.01	17:01	155.621	155.622	155.636	155.639	155.649	155.656	155.665	155.663	155.665	155.664
2025.12.01	17:02	155.682	155.676	155.689	155.680	155.679	155.671	155.669	155.661	155.659	155.649
2025.12.01	17:03	155.649	155.647	155.646	155.646	155.641	155.641	155.642	155.642	155.644	155.646
2025.12.01	17:04	155.646	155.646	155.649	155.655	155.661	155.664	155.673	155.671	155.673	155.682
2025.12.01	17:05	155.678	155.680	155.676	155.677	155.675	155.672	155.676	155.674	155.676	155.677
2025.12.01	17:06	155.685	155.682	155.682	155.676	155.669	155.669	155.667	155.672	155.672	155.677
2025.12.01	17:07	155.671	155.673	155.669	155.671	155.665	155.663	155.664	155.663	155.662	155.666
2025.12.01	17:08	155.667	155.667	155.664	155.663	155.656	155.652	155.657	155.655	155.656	155.664
2025.12.01	17:09	155.653	155.656	155.650	155.655	155.656	155.660	155.666	155.666	155.668	155.666
2025.12.01	17:10	155.671	155.672	155.670	155.667	155.659	155.656	155.654	155.653	155.654	155.657
2025.12.01	17:11	155.656	155.655	155.656	155.654	155.653	155.654	155.651	155.650	155.651	155.651
2025.12.01	17:12	155.652	155.653	155.658	155.660	155.665	155.671	155.674	155.673	155.674	155.673
2025.12.01	17:13	155.676	155.676	155.677	155.676	155.677	155.676	155.674	155.676	155.674	155.672
2025.12.01	17:14	155.674	155.674	155.674	155.674	155.676	155.677	155.675	155.674	155.674	155.674
2025.12.01	17:15	155.673	155.673	155.670	155.667	155.664	155.659	155.659	155.660	155.660	155.660
2025.12.01	17:16	155.657	155.655	155.654	155.650	155.647	155.647	155.645	155.645	155.644	155.640
2025.12.01	17:17	155.639	155.640	155.637	155.634	155.630	155.628	155.629	155.633	155.632	155.638
2025.12.01	17:18	155.642	155.641	155.645	155.645	155.647	155.648	155.651	155.646	155.648	155.645
2025.12.01	17:19	155.639	155.639	155.633	155.633	155.629	155.626	155.625	155.628	155.626	155.631
2025.12.01	17:20	155.624	155.623	155.633	155.638	155.650	155.661	155.661	155.662	155.662	155.661
2025.12.01	17:21	155.658	155.658	155.659	155.659	155.661	155.662	155.664	155.665	155.666	155.669
2025.12.01	17:22	155.665	155.665	155.663	155.663	155.659	155.658	155.657	155.661	155.659	155.663
2025.12.01	17:23	155.667	155.665	155.666	155.662	155.658	155.657	155.651	155.651	155.652	155.652
2025.12.01	17:24	155.651	155.651	155.655	155.663	155.671	155.675	155.688	155.678	155.681	155.674
2025.12.01	17:25	155.675	155.677	155.673	155.673	155.670	155.665	155.670	155.670	155.670	155.673
2025.12.01	17:26	155.673	155.673	155.670	155.667	155.661	155.660	155.657	155.658	155.656	155.659
2025.12.01	17:27	155.664	155.661	155.657	155.656	155.646	155.641	155.638	155.637	155.637	155.639
2025.12.01	17:28	155.646	155.643	155.648	155.644	155.647	155.642	155.643	155.638	155.639	155.635
2025.12.01	17:29	155.625	155.627	155.633	155.634	155.641	155.649	155.641	155.645	155.643	155.640
2025.12.01	17:30	155.639	155.639	155.640	155.643	155.648	155.648	155.651	155.647	155.647	155.642
2025.12.01	17:31	155.650	155.650	155.648	155.643	155.633	155.631	155.622	155.624	155.623	155.627
2025.12.01	17:32	155.625	155.627	155.624	155.629	155.628	155.632	155.638	155.636	155.638	155.641
2025.12.01	17:33	155.644	155.641	155.640	155.638	155.630	155.628	155.631	155.631	155.634	155.639
2025.12.01	17:34	155.639	155.639	155.635	155.635	155.631	155.627	155.631	155.628	155.629	155.634
2025.12.01	17:35	155.640	155.640	155.635	155.633	155.631	155.625	155.625	155.626	155.626	155.627
2025.12.01	17:36	155.627	155.625	155.623	155.618	155.613	155.609	155.605	155.603	155.597	155.592
2025.12.01	17:37	155.597	155.595	155.590	155.584	155.572	155.570	155.570	155.574	155.579	155.585
2025.12.01	17:38	155.588	155.585	155.582	155.578	155.569	155.568	155.561	155.566	155.565	155.569
2025.12.01	17:39	155.570	155.570	155.570	155.569	155.567	155.567	155.564	155.565	155.565	155.567
2025.12.01	17:40	155.560	155.563	155.565	155.571	155.579	155.580	155.592	155.590	155.594	155.601
2025.12.01	17:41	155.603	155.601	155.601	155.598	155.595	155.594	155.588	155.598	155.596	155.600
2025.12.01	17:42	155.593	155.590	155.599	155.602	155.608	155.615	155.617	155.616	155.617	155.615
2025.12.01	17:43	155.622	155.624	155.618	155.619	155.611	155.610	155.605	155.608	155.607	155.610
2025.12.01	17:44	155.617	155.618	155.622	155.626	155.626	155.629	155.629	155.630	155.629	155.629
2025.12.01	17:45	155.624	155.625	155.625	155.628	155.632	155.634	155.639	155.635	155.636	155.633
2025.12.01	17:46	155.639	155.641	155.645	155.649	155.651	155.661	155.660	155.660	155.660	155.659
2025.12.01	17:47	155.665	155.664	155.663	155.658	155.650	155.648	155.639	155.650	155.649	155.655
2025.12.01	17:48	155.657	155.660	155.658	155.655	155.655	155.652	155.652	155.651	155.651	155.653
2025.12.01	17:49	155.640	155.643	155.641	155.644	155.649	155.649	155.654	155.653	155.653	155.653
2025.12.01	17:50	155.660	155.659	155.660	155.656	155.652	155.652	155.647	155.647	155.648	155.649
2025.12.01	17:51	155.651	155.651	155.651	155.651	155.650	155.650	155.650	155.650	155.649	155.646
2025.12.01	17:52	155.649	155.648	155.650	155.647	155.648	155.643	155.646	155.641	155.641	155.637
2025.12.01	17:53	155.633	155.633	155.631	155.631	155.628	155.626	155.628	155.630	155.630	155.632
2025.12.01	17:54	155.624	155.623	155.617	155.612	155.611	155.604	155.606	155.604	155.603	155.606
2025.12.01	17:55	155.600	155.602	155.601	155.604	155.605	155.605	155.608	155.605	155.607	155.604
2025.12.01	17:56	155.608	155.608	155.608	155.606	155.600	155.600	155.597	155.597	155.597	155.598
2025.12.01	17:57	155.600	155.599	155.598	155.598	155.602	155.602	155.601	155.601	155.602	155.601
2025.12.01	17:58	155.602	155.602	155.600	155.599	155.595	155.592	155.591	155.590	155.589	155.584
2025.12.01	17:59	155.579	155.579	155.573	155.569	155.568	155.561	155.564	155.562	155.562	155.565
2025.12.01	18:00	155.530	155.536	155.526	155.534	155.544	155.550	155.565	155.562	155.564	155.562
2025.12.01	18:01	155.556	155.555	155.561	155.563	155.571	155.578	155.578	155.579	155.579	155.578
2025.12.01	18:02	155.587	155.589	155.586	155.585	155.581	155.576	155.576	155.576	155.576	155.577
2025.12.01	18:03	155.585	155.584	155.592	155.593	155.600	155.600	155.608	155.606	155.607	155.607
2025.12.01	18:04	155.620	155.622	155.613	155.612	155.602	155.588	155.588	155.589	155.588	155.590
2025.12.01	18:05	155.593	155.595	155.589	155.588	155.583	155.576	155.579	155.577	155.577	155.581
2025.12.01	18:06	155.584	155.581	155.572	155.569	155.564	155.551	155.553	155.553	155.553	155.555
2025.12.01	18:07	155.552	155.552	155.553	155.554	155.557	155.558	155.561	155.562	155.564	155.567
2025.12.01	18:08	155.570	155.570	155.573	155.574	155.576	155.578	155.575	155.576	155.576	155.573
2025.12.01	18:09	155.575	155.572	155.558	155.552	155.545	155.528	155.528	155.528	155.528	155.530
2025.12.01	18:10	155.529	155.529	155.530	155.538	155.539	155.545	155.549	155.554	155.556	155.564
2025.12.01	18:11	155.571	155.570	155.571	155.570	155.566	155.562	155.562	155.560	155.560	155.563
2025.12.01	18:12	155.562	155.561	155.565	155.570	155.573	155.574	155.575	155.575	155.574	155.574
2025.12.01	18:13	155.581	155.580	155.578	155.577	155.570	155.569	155.566	155.566	155.565	155.567
2025.12.01	18:14	155.565	155.567	155.570	155.569	155.575	155.575	155.575	155.576	155.577	155.575
2025.12.01	18:15	155.576	155.575	155.576	155.577	155.575	155.577	155.577	155.576	155.574	155.573
2025.12.01	18:16	155.567	155.567	155.562	155.560	155.559	155.551	155.554	155.552	155.553	155.554
2025.12.01	18:17	155.550	155.549	155.547	155.545	155.543	155.541	155.539	155.541	155.540	155.542
2025.12.01	18:18	155.544	155.542	155.531	155.529	155.514	155.507	155.508	155.506	155.507	155.511
2025.12.01	18:19	155.510	155.510	155.511	155.514	155.520	155.520	155.521	155.518	155.519	155.516
2025.12.01	18:20	155.510	155.510	155.506	155.506	155.500	155.499	155.498	155.504	155.502	155.507
2025.12.01	18:21	155.496	155.493	155.485	155.479	155.474	155.462	155.462	155.462	155.462	155.464
2025.12.01	18:22	155.473	155.475	155.471	155.469	155.461	155.454	155.452	155.452	155.451	155.454
2025.12.01	18:23	155.449	155.450	155.444	155.443	155.438	155.436	155.431	155.431	155.432	155.432
2025.12.01	18:24	155.432	155.432	155.437	155.438	155.442	155.448	155.443	155.444	155.444	155.443
2025.12.01	18:25	155.454	155.452	155.456	155.452	155.450	155.447	155.444	155.441	155.441	155.435
2025.12.01	18:26	155.434	155.435	155.423	155.410	155.407	155.398	155.398	155.397	155.397	155.398
2025.12.01	18:27	155.396	155.396	155.401	155.402	155.406	155.412	155.411	155.411	155.411	155.410
2025.12.01	18:28	155.404	155.403	155.404	155.405	155.410	155.410	155.413	155.412	155.413	155.412
2025.12.01	18:29	155.423	155.419	155.427	155.422	155.421	155.417	155.415	155.411	155.410	155.404
2025.12.01	18:30	155.404	155.405	155.400	155.397	155.391	155.388	155.391	155.395	155.394	155.402
2025.12.01	18:31	155.401	155.402	155.407	155.407	155.413	155.417	155.418	155.418	155.421	155.428
2025.12.01	18:32	155.439	155.438	155.439	155.431	155.428	155.422	155.418	155.414	155.408	155.402
2025.12.01	18:33	155.399	155.400	155.405	155.408	155.415	155.419	155.426	155.423	155.424	155.422
2025.12.01	18:34	155.425	155.422	155.419	155.413	155.404	155.402	155.390	155.392	155.390	155.391
2025.12.01	18:35	155.387	155.387	155.392	155.396	155.405	155.408	155.412	155.411	155.413	155.410
2025.12.01	18:36	155.410	155.410	155.410	155.412	155.413	155.414	155.416	155.416	155.417	155.421
2025.12.01	18:37	155.421	155.422	155.414	155.410	155.401	155.393	155.395	155.394	155.394	155.398
2025.12.01	18:38	155.402	155.400	155.404	155.405	155.405	155.409	155.407	155.408	155.407	155.406
2025.12.01	18:39	155.406	155.405	155.395	155.393	155.384	155.376	155.375	155.373	155.374	155.374
2025.12.01	18:40	155.371	155.371	155.372	155.375	155.379	155.381	155.388	155.379	155.379	155.375
2025.12.01	18:41	155.368	155.370	155.369	155.372	155.373	155.375	155.377	155.379	155.380	155.383
2025.12.01	18:42	155.387	155.387	155.387	155.380	155.375	155.371	155.363	155.362	155.360	155.351
2025.12.01	18:43	155.349	155.350	155.345	155.343	155.336	155.329	155.328	155.327	155.327	155.328
2025.12.01	18:44	155.332	155.329	155.332	155.326	155.326	155.323	155.316	155.318	155.317	155.319
2025.12.01	18:45	155.311	155.314	155.313	155.317	155.323	155.323	155.328	155.321	155.324	155.319
2025.12.01	18:46	155.314	155.316	155.318	155.321	155.326	155.326	155.326	155.322	155.324	155.320
2025.12.01	18:47	155.314	155.316	155.313	155.320	155.319	155.326	155.324	155.333	155.330	155.338
2025.12.01	18:48	155.321	155.323	155.319	155.325	155.329	155.333	155.339	155.341	155.341	155.349
2025.12.01	18:49	155.337	155.338	155.326	155.327	155.316	155.316	155.306	155.316	155.310	155.319
2025.12.01	18:50	155.311	155.310	155.317	155.320	155.326	155.337	155.331	155.333	155.334	155.330
2025.12.01	18:51	155.339	155.337	155.336	155.330	155.322	155.321	155.316	155.321	155.321	155.326
2025.12.01	18:52	155.323	155.324	155.322	155.330	155.331	155.338	155.340	155.347	155.348	155.355
2025.12.01	18:53	155.351	155.351	155.354	155.360	155.368	155.370	155.380	155.370	155.371	155.366
2025.12.01	18:54	155.370	155.367	155.361	155.358	155.354	155.344	155.350	155.347	155.348	155.352
2025.12.01	18:55	155.343	155.348	155.348	155.350	155.360	155.363	155.368	155.368	155.367	155.366
2025.12.01	18:56	155.366	155.366	155.357	155.357	155.347	155.341	155.343	155.342	155.343	155.344
2025.12.01	18:57	155.333	155.335	155.336	155.338	155.344	155.349	155.346	155.348	155.348	155.345
2025.12.01	18:58	155.333	155.339	155.337	155.343	155.352	155.354	155.365	155.359	155.360	155.358
2025.12.01	18:59	155.355	155.354	155.358	155.366	155.375	155.377	155.389	155.369	155.371	155.360
2025.12.01	19:00	155.355	155.358	155.361	155.370	155.379	155.384	155.398	155.378	155.384	155.373
2025.12.01	19:01	155.373	155.371	155.366	155.363	155.352	155.348	155.344	155.346	155.347	155.353
2025.12.01	19:02	155.347	155.348	155.350	155.363	155.372	155.380	155.398	155.398	155.400	155.398
2025.12.01	19:03	155.409	155.406	155.413	155.407	155.408	155.402	155.402	155.398	155.395	155.389
2025.12.01	19:04	155.387	155.389	155.390	155.398	155.403	155.407	155.415	155.414	155.416	155.415
2025.12.01	19:05	155.414	155.414	155.418	155.422	155.428	155.429	155.435	155.430	155.430	155.428
2025.12.01	19:06	155.411	155.408	155.397	155.388	155.385	155.370	155.366	155.355	155.350	155.340
2025.12.01	19:07	155.331	155.332	155.333	155.337	155.348	155.348	155.359	155.356	155.358	155.356
2025.12.01	19:08	155.350	155.348	155.343	155.339	155.338	155.332	155.330	155.325	155.326	155.319
2025.12.01	19:09	155.311	155.311	155.311	155.315	155.322	155.323	155.331	155.331	155.330	155.330
2025.12.01	19:10	155.330	155.330	155.332	155.338	155.343	155.346	155.356	155.355	155.355	155.354
2025.12.01	19:11	155.354	155.354	155.354	155.351	155.349	155.347	155.342	155.347	155.346	155.351
2025.12.01	19:12	155.343	155.344	155.348	155.350	155.359	155.364	155.363	155.364	155.364	155.362
2025.12.01	19:13	155.375	155.372	155.370	155.365	155.354	155.352	155.346	155.347	155.348	155.350
2025.12.01	19:14	155.350	155.350	155.343	155.342	155.335	155.329	155.338	155.335	155.337	155.341
2025.12.01	19:15	155.340	155.340	155.347	155.349	155.360	155.365	155.363	155.364	155.363	155.357
2025.12.01	19:16	155.356	155.355	155.351	155.345	155.336	155.335	155.321	155.327	155.326	155.329
2025.12.01	19:17	155.338	155.336	155.338	155.331	155.325	155.321	155.312	155.311	155.308	155.298
2025.12.01	19:18	155.305	155.305	155.310	155.312	155.315	155.318	155.317	155.317	155.318	155.317
2025.12.01	19:19	155.309	155.309	155.309	155.314	155.321	155.321	155.332	155.327	155.329	155.325
2025.12.01	19:20	155.328	155.327	155.327	155.320	155.313	155.308	155.297	155.298	155.297	155.300
2025.12.01	19:21	155.300	155.299	155.294	155.286	155.275	155.271	155.257	155.262	155.260	155.263
2025.12.01	19:22	155.267	155.264	155.269	155.267	155.270	155.269	155.273	155.270	155.272	155.269
2025.12.01	19:23	155.268	155.267	155.276	155.279	155.292	155.299	155.290	155.294	155.290	155.282
2025.12.01	19:24	155.278	155.278	155.279	155.281	155.285	155.286	155.292	155.291	155.291	155.290
2025.12.01	19:25	155.297	155.293	155.292	155.287	155.278	155.277	155.276	155.281	155.280	155.285
2025.12.01	19:26	155.289	155.291	155.285	155.282	155.274	155.267	155.275	155.272	155.273	155.280
2025.12.01	19:27	155.279	155.280	155.286	155.293	155.303	155.305	155.319	155.318	155.320	155.319
2025.12.01	19:28	155.334	155.331	155.336	155.330	155.326	155.324	155.314	155.317	155.315	155.318
2025.12.01	19:29	155.323	155.327	155.321	155.314	155.310	155.313	155.311	155.311	155.311	155.315
2025.12.01	19:30	155.312	155.313	155.314	155.318	155.319	155.320	155.325	155.323	155.324	155.331
2025.12.01	19:31	155.326	155.326	155.326	155.330	155.332	155.333	155.337	155.338	155.340	155.343
2025.12.01	19:32	155.363	155.360	155.363	155.357	155.348	155.346	155.336	155.339	155.338	155.340
2025.12.01	19:33	155.339	155.339	155.346	155.348	155.358	155.365	155.369	155.369	155.369	155.367
2025.12.01	19:34	155.360	155.363	155.365	155.377	155.384	155.394	155.405	155.410	155.412	155.426
2025.12.01	19:35	155.426	155.425	155.439	155.444	155.463	155.471	155.471	155.472	155.471	155.461
2025.12.01	19:36	155.447	155.449	155.450	155.455	155.464	155.465	155.474	155.470	155.471	155.471
2025.12.01	19:37	155.468	155.468	155.469	155.474	155.480	155.482	155.493	155.479	155.483	155.474
2025.12.01	19:38	155.467	155.468	155.460	155.461	155.454	155.453	155.450	155.457	155.452	155.460
2025.12.01	19:39	155.459	155.457	155.465	155.474	155.479	155.479	155.480	155.480	155.481	155.478
2025.12.01	19:40	155.465	155.465	155.467	155.471	155.480	155.484	155.491	155.488	155.489	155.487
2025.12.01	19:41	155.481	155.484	155.488	155.495	155.506	155.508	155.522	155.519	155.521	155.520
2025.12.01	19:42	155.520	155.521	155.526	155.533	155.544	155.545	155.561	155.554	155.555	155.552
2025.12.01	19:43	155.555	155.554	155.556	155.551	155.547	155.546	155.540	155.545	155.543	155.547
2025.12.01	19:44	155.543	155.545	155.544	155.549	155.551	155.554	155.558	155.555	155.557	155.555
2025.12.01	19:45	155.556	155.555	155.549	155.546	155.533	155.527	155.534	155.533	155.536	155.547
2025.12.01	19:46	155.558	155.553	155.554	155.547	155.536	155.533	155.519	155.522	155.520	155.522
2025.12.01	19:47	155.519	155.520	155.520	155.525	155.525	155.532	155.531	155.537	155.539	155.547
2025.12.01	19:48	155.548	155.548	155.546	155.536	155.529	155.523	155.510	155.509	155.505	155.493
2025.12.01	19:49	155.493	155.492	155.501	155.504	155.516	155.521	155.511	155.512	155.503	155.495
2025.12.01	19:50	155.514	155.510	155.514	155.508	155.502	155.501	155.492	155.493	155.493	155.494
2025.12.01	19:51	155.495	155.493	155.485	155.484	155.476	155.466	155.477	155.473	155.477	155.483
2025.12.01	19:52	155.474	155.477	155.472	155.478	155.484	155.487	155.497	155.490	155.492	155.487
2025.12.01	19:53	155.485	155.484	155.496	155.500	155.516	155.523	155.518	155.519	155.517	155.506
2025.12.01	19:54	155.503	155.504	155.511	155.514	155.527	155.533	155.540	155.538	155.538	155.538
2025.12.01	19:55	155.550	155.547	155.551	155.545	155.545	155.541	155.533	155.535	155.532	155.528
2025.12.01	19:56	155.528	155.527	155.532	155.534	155.542	155.545	155.537	155.538	155.537	155.530
2025.12.01	19:57	155.533	155.532	155.532	155.524	155.516	155.512	155.497	155.498	155.498	155.500
2025.12.01	19:58	155.502	155.499	155.493	155.492	155.481	155.475	155.481	155.480	155.483	155.488
2025.12.01	19:59	155.488	155.486	155.487	155.480	155.477	155.473	155.466	155.480	155.477	155.484
2025.12.01	20:00	155.474	155.476	155.469	155.471	155.462	155.460	155.455	155.456	155.455	155.457
2025.12.01	20:01	155.467	155.463	155.466	155.460	155.456	155.451	155.442	155.453	155.449	155.456
2025.12.01	20:02	155.455	155.454	155.462	155.462	155.468	155.478	155.464	155.466	155.465	155.459
2025.12.01	20:03	155.475	155.474	155.477	155.474	155.466	155.462	155.456	155.456	155.456	155.457
2025.12.01	20:04	155.475	155.471	155.479	155.474	155.471	155.467	155.462	155.461	155.455	155.451
2025.12.01	20:05	155.434	155.435	155.434	155.436	155.445	155.449	155.453	155.451	155.452	155.451
2025.12.01	20:06	155.444	155.444	155.449	155.451	155.458	155.463	155.454	155.457	155.454	155.447
2025.12.01	20:07	155.445	155.447	155.447	155.451	155.455	155.455	155.460	155.458	155.459	155.456
2025.12.01	20:08	155.455	155.455	155.458	155.461	155.467	155.467	155.473	155.471	155.473	155.481
2025.12.01	20:09	155.476	155.476	155.471	155.469	155.465	155.459	155.456	155.458	155.458	155.459
2025.12.01	20:10	155.453	155.453	155.457	155.460	155.468	155.472	155.468	155.470	155.468	155.461
2025.12.01	20:11	155.476	155.473	155.480	155.474	155.471	155.469	155.464	155.462	155.460	155.456
2025.12.01	20:12	155.449	155.451	155.448	155.452	155.454	155.456	155.461	155.461	155.463	155.469
2025.12.01	20:13	155.457	155.460	155.458	155.462	155.466	155.466	155.471	155.469	155.471	155.470
2025.12.01	20:14	155.469	155.469	155.455	155.452	155.433	155.421	155.414	155.415	155.415	155.419
2025.12.01	20:15	155.421	155.421	155.419	155.412	155.406	155.403	155.391	155.397	155.394	155.400
2025.12.01	20:16	155.396	155.397	155.397	155.412	155.414	155.426	155.429	155.442	155.444	155.456
2025.12.01	20:17	155.453	155.453	155.456	155.460	155.466	155.467	155.474	155.474	155.476	155.482
2025.12.01	20:18	155.479	155.479	155.482	155.491	155.495	155.502	155.507	155.512	155.519	155.527
2025.12.01	20:19	155.529	155.529	155.521	155.519	155.507	155.498	155.492	155.493	155.493	155.494
2025.12.01	20:20	155.498	155.498	155.497	155.492	155.485	155.484	155.474	155.477	155.477	155.479
2025.12.01	20:21	155.486	155.485	155.488	155.480	155.478	155.473	155.468	155.464	155.460	155.454
2025.12.01	20:22	155.457	155.457	155.450	155.447	155.443	155.438	155.438	155.441	155.441	155.444
2025.12.01	20:23	155.441	155.441	155.442	155.443	155.443	155.446	155.446	155.446	155.446	155.445
2025.12.01	20:24	155.444	155.445	155.434	155.429	155.427	155.420	155.425	155.421	155.423	155.427
2025.12.01	20:25	155.434	155.431	155.433	155.425	155.421	155.416	155.407	155.408	155.408	155.408
2025.12.01	20:26	155.417	155.417	155.413	155.408	155.394	155.388	155.379	155.380	155.380	155.382
2025.12.01	20:27	155.379	155.379	155.382	155.383	155.387	155.388	155.392	155.393	155.395	155.398
2025.12.01	20:28	155.404	155.402	155.405	155.397	155.395	155.390	155.387	155.381	155.378	155.372
2025.12.01	20:29	155.365	155.360	155.358	155.351	155.346	155.346	155.344	155.344	155.344	155.347
2025.12.01	20:30	155.336	155.334	155.338	155.339	155.344	155.350	155.350	155.350	155.350	155.349
2025.12.01	20:31	155.355	155.356	155.360	155.365	155.367	155.372	155.370	155.370	155.370	155.370
2025.12.01	20:32	155.355	155.354	155.348	155.343	155.342	155.333	155.334	155.332	155.333	155.334
2025.12.01	20:33	155.338	155.337	155.342	155.342	155.347	155.346	155.351	155.347	155.350	155.347
2025.12.01	20:34	155.356	155.357	155.365	155.370	155.374	155.384	155.376	155.378	155.377	155.373
2025.12.01	20:35	155.381	155.379	155.380	155.376	155.371	155.370	155.361	155.362	155.362	155.362
2025.12.01	20:36	155.361	155.360	155.369	155.373	155.374	155.374	155.369	155.371	155.368	155.361
2025.12.01	20:37	155.359	155.359	155.361	155.364	155.369	155.371	155.374	155.373	155.375	155.373
2025.12.01	20:38	155.382	155.380	155.384	155.373	155.369	155.362	155.355	155.349	155.344	155.337
2025.12.01	20:39	155.337	155.337	155.339	155.342	155.347	155.348	155.351	155.352	155.354	155.360
2025.12.01	20:40	155.353	155.353	155.346	155.343	155.339	155.334	155.333	155.333	155.333	155.333
2025.12.01	20:41	155.341	155.341	155.348	155.349	155.356	155.359	155.358	155.351	155.354	155.347
2025.12.01	20:42	155.353	155.350	155.355	155.350	155.351	155.345	155.342	155.342	155.342	155.338
2025.12.01	20:43	155.334	155.337	155.341	155.343	155.352	155.357	155.345	155.349	155.347	155.342
2025.12.01	20:44	155.346	155.344	155.345	155.343	155.337	155.337	155.332	155.332	155.333	155.333
2025.12.01	20:45	155.334	155.335	155.327	155.325	155.319	155.311	155.323	155.320	155.320	155.327
2025.12.01	20:46	155.328	155.326	155.325	155.318	155.313	155.309	155.302	155.309	155.307	155.312
2025.12.01	20:47	155.317	155.316	155.318	155.308	155.307	155.299	155.295	155.288	155.286	155.276
2025.12.01	20:48	155.270	155.274	155.270	155.277	155.282	155.283	155.289	155.288	155.288	155.288
2025.12.01	20:49	155.287	155.288	155.280	155.280	155.273	155.262	155.273	155.272	155.272	155.278
2025.12.01	20:50	155.277	155.276	155.285	155.289	155.299	155.309	155.310	155.311	155.311	155.310
2025.12.01	20:51	155.314	155.311	155.309	155.309	155.303	155.299	155.300	155.299	155.299	155.302
2025.12.01	20:52	155.295	155.296	155.289	155.289	155.284	155.283	155.280	155.286	155.285	155.290
2025.12.01	20:53	155.298	155.296	155.299	155.292	155.289	155.285	155.279	155.280	155.280	155.281
2025.12.01	20:54	155.282	155.282	155.282	155.279	155.277	155.274	155.266	155.266	155.266	155.268
2025.12.01	20:55	155.268	155.269	155.273	155.278	155.287	155.288	155.293	155.291	155.293	155.292
2025.12.01	20:56	155.282	155.278	155.285	155.293	155.295	155.299	155.299	155.300	155.300	155.299
2025.12.01	20:57	155.304	155.303	155.300	155.295	155.282	155.282	155.270	155.274	155.272	155.276
2025.12.01	20:58	155.272	155.273	155.274	155.281	155.288	155.292	155.304	155.293	155.296	155.288
2025.12.01	20:59	155.283	155.283	155.278	155.277	155.274	155.270	155.276	155.279	155.280	155.286
2025.12.01	21:00	155.273	155.276	155.274	155.281	155.286	155.291	155.301	155.297	155.300	155.297
2025.12.01	21:01	155.292	155.291	155.287	155.282	155.282	155.278	155.273	155.274	155.271	155.264
2025.12.01	21:02	155.269	155.269	155.273	155.273	155.276	155.279	155.276	155.278	155.279	155.275
2025.12.01	21:03	155.286	155.286	155.287	155.284	155.278	155.278	155.272	155.274	155.272	155.265
2025.12.01	21:04	155.276	155.273	155.273	155.262	155.253	155.248	155.235	155.242	155.239	155.244
2025.12.01	21:05	155.245	155.246	155.243	155.242	155.238	155.234	155.234	155.233	155.233	155.235
2025.12.01	21:06	155.242	155.246	155.242	155.237	155.236	155.232	155.232	155.231	155.231	155.232
2025.12.01	21:07	155.231	155.230	155.234	155.233	155.237	155.240	155.234	155.236	155.237	155.233
2025.12.01	21:08	155.233	155.233	155.236	155.239	155.242	155.246	155.246	155.245	155.245	155.245
2025.12.01	21:09	155.247	155.247	155.248	155.246	155.245	155.244	155.240	155.242	155.242	155.243
2025.12.01	21:10	155.242	155.242	155.245	155.250	155.257	155.258	155.266	155.266	155.266	155.266
2025.12.01	21:11	155.267	155.267	155.263	155.259	155.255	155.253	155.253	155.252	155.253	155.257
2025.12.01	21:12	155.256	155.257	155.258	155.260	155.259	155.262	155.266	155.266	155.266	155.271
2025.12.01	21:13	155.280	155.278	155.283	155.279	155.280	155.277	155.272	155.274	155.273	155.267
2025.12.01	21:14	155.264	155.264	155.261	155.258	155.258	155.256	155.256	155.256	155.256	155.257
2025.12.01	21:15	155.250	155.249	155.245	155.241	155.238	155.232	155.233	155.233	155.232	155.233
2025.12.01	21:16	155.232	155.231	155.232	155.235	155.238	155.241	155.235	155.237	155.236	155.233
2025.12.01	21:17	155.231	155.231	155.234	155.236	155.240	155.241	155.244	155.240	155.240	155.239
2025.12.01	21:18	155.240	155.240	155.242	155.243	155.244	155.245	155.247	155.246	155.247	155.246
2025.12.01	21:19	155.245	155.244	155.247	155.251	155.251	155.253	155.253	155.254	155.254	155.253
2025.12.01	21:20	155.254	155.254	155.255	155.252	155.250	155.248	155.242	155.243	155.243	155.245
2025.12.01	21:21	155.241	155.242	155.242	155.244	155.248	155.248	155.254	155.252	155.252	155.252
2025.12.01	21:22	155.253	155.253	155.250	155.250	155.246	155.242	155.243	155.241	155.241	155.244
2025.12.01	21:23	155.250	155.252	155.246	155.247	155.239	155.237	155.232	155.232	155.231	155.232
2025.12.01	21:24	155.232	155.232	155.234	155.235	155.237	155.240	155.240	155.238	155.239	155.237
2025.12.01	21:25	155.244	155.243	155.242	155.241	155.236	155.232	155.230	155.230	155.230	155.231
2025.12.01	21:26	155.222	155.222	155.214	155.212	155.206	155.200	155.203	155.202	155.203	155.209
2025.12.01	21:27	155.215	155.215	155.215	155.211	155.204	155.202	155.200	155.203	155.200	155.205
2025.12.01	21:28	155.198	155.198	155.199	155.201	155.205	155.206	155.211	155.205	155.206	155.202
2025.12.01	21:29	155.191	155.191	155.182	155.178	155.173	155.164	155.169	155.167	155.167	155.172
2025.12.01	21:30	155.165	155.168	155.168	155.169	155.175	155.176	155.179	155.179	155.180	155.179
2025.12.01	21:31	155.184	155.184	155.179	155.177	155.175	155.170	155.171	155.172	155.172	155.173
2025.12.01	21:32	155.171	155.172	155.174	155.178	155.182	155.185	155.190	155.190	155.191	155.196
2025.12.01	21:33	155.192	155.190	155.192	155.195	155.197	155.197	155.198	155.198	155.199	155.197
2025.12.01	21:34	155.204	155.203	155.202	155.200	155.193	155.187	155.184	155.184	155.184	155.184
2025.12.01	21:35	155.181	155.183	155.184	155.190	155.197	155.198	155.206	155.204	155.203	155.202
2025.12.01	21:36	155.206	155.209	155.210	155.214	155.218	155.220	155.220	155.220	155.220	155.219
2025.12.01	21:37	155.214	155.216	155.213	155.218	155.217	155.222	155.221	155.221	155.222	155.220
2025.12.01	21:38	155.223	155.222	155.224	155.220	155.221	155.218	155.217	155.219	155.218	155.219
2025.12.01	21:39	155.224	155.224	155.223	155.223	155.221	155.219	155.217	155.218	155.217	155.218
2025.12.01	21:40	155.208	155.210	155.212	155.220	155.231	155.233	155.243	155.242	155.243	155.241
2025.12.01	21:41	155.238	155.239	155.243	155.244	155.252	155.253	155.255	155.255	155.256	155.255
2025.12.01	21:42	155.253	155.254	155.253	155.259	155.259	155.263	155.271	155.269	155.272	155.278
2025.12.01	21:43	155.283	155.283	155.286	155.288	155.291	155.294	155.295	155.292	155.294	155.291
2025.12.01	21:44	155.284	155.285	155.285	155.289	155.295	155.296	155.304	155.302	155.304	155.302
2025.12.01	21:45	155.305	155.305	155.306	155.302	155.301	155.299	155.299	155.297	155.296	155.293
2025.12.01	21:46	155.288	155.288	155.284	155.282	155.281	155.277	155.284	155.280	155.283	155.287
2025.12.01	21:47	155.286	155.286	155.290	155.294	155.297	155.301	155.301	155.300	155.300	155.300
2025.12.01	21:48	155.300	155.299	155.290	155.286	155.279	155.268	155.270	155.268	155.269	155.269
2025.12.01	21:49	155.262	155.262	155.256	155.254	155.250	155.245	155.249	155.246	155.248	155.251
2025.12.01	21:50	155.242	155.241	155.237	155.231	155.231	155.224	155.222	155.220	155.217	155.213
2025.12.01	21:51	155.207	155.210	155.211	155.212	155.219	155.220	155.218	155.218	155.216	155.213
2025.12.01	21:52	155.208	155.211	155.213	155.214	155.218	155.222	155.219	155.222	155.221	155.220
2025.12.01	21:53	155.225	155.222	155.228	155.223	155.224	155.220	155.215	155.216	155.214	155.216
2025.12.01	21:54	155.206	155.208	155.210	155.214	155.222	155.223	155.229	155.230	155.229	155.229
2025.12.01	21:55	155.227	155.227	155.229	155.234	155.241	155.242	155.251	155.251	155.251	155.250
2025.12.01	21:56	155.250	155.251	155.244	155.241	155.233	155.226	155.224	155.223	155.223	155.225
2025.12.01	21:57	155.223	155.223	155.226	155.229	155.236	155.239	155.244	155.243	155.243	155.242
2025.12.01	21:58	155.239	155.241	155.241	155.245	155.249	155.250	155.257	155.257	155.262	155.265
2025.12.01	21:59	155.269	155.271	155.262	155.252	155.245	155.249	155.246	155.247	155.247	155.252
2025.12.01	22:00	155.243	155.245	155.244	155.246	155.250	155.251	155.254	155.252	155.252	155.252
2025.12.01	22:01	155.251	155.252	155.255	155.255	155.258	155.261	155.257	155.259	155.257	155.256
2025.12.01	22:02	155.248	155.248	155.254	155.255	155.257	155.263	155.262	155.262	155.262	155.261
2025.12.01	22:03	155.259	155.258	155.264	155.271	155.276	155.269	155.272	155.271	155.271	155.266
2025.12.01	22:04	155.260	155.263	155.261	155.264	155.265	155.265	155.268	155.267	155.269	155.268
2025.12.01	22:05	155.267	155.267	155.268	155.268	155.266	155.263	155.263	155.264	155.264	155.265
2025.12.01	22:06	155.262	155.262	155.259	155.258	155.256	155.251	155.251	155.251	155.251	155.253
2025.12.01	22:07	155.254	155.254	155.251	155.251	155.251	155.250	155.251	155.250	155.250	155.251
2025.12.01	22:08	155.251	155.251	155.252	155.253	155.254	155.256	155.256	155.254	155.255	155.253
2025.12.01	22:09	155.254	155.254	155.267	155.270	155.280	155.293	155.288	155.289	155.289	155.288
2025.12.01	22:10	155.288	155.289	155.290	155.288	155.291	155.293	155.291	155.293	155.292	155.291
2025.12.01	22:11	155.292	155.292	155.289	155.288	155.284	155.283	155.279	155.279	155.279	155.280
2025.12.01	22:12	155.277	155.277	155.281	155.290	155.303	155.305	155.322	155.322	155.322	155.321
2025.12.01	22:13	155.332	155.329	155.335	155.330	155.333	155.327	155.328	155.322	155.323	155.316
2025.12.01	22:14	155.321	155.325	155.326	155.331	155.335	155.334	155.334	155.334	155.334	155.332
2025.12.01	22:15	155.327	155.326	155.329	155.329	155.332	155.336	155.335	155.337	155.337	155.335
2025.12.01	22:16	155.331	155.330	155.328	155.327	155.325	155.323	155.321	155.322	155.321	155.323
2025.12.01	22:17	155.326	155.325	155.330	155.330	155.331	155.335	155.333	155.333	155.334	155.332
2025.12.01	22:18	155.337	155.335	155.336	155.332	155.330	155.329	155.323	155.326	155.324	155.327
2025.12.01	22:19	155.324	155.323	155.330	155.332	155.333	155.338	155.334	155.338	155.336	155.334
2025.12.01	22:20	155.337	155.339	155.338	155.337	155.333	155.333	155.331	155.331	155.330	155.331
2025.12.01	22:21	155.333	155.335	155.331	155.331	155.327	155.324	155.327	155.325	155.325	155.329
2025.12.01	22:22	155.331	155.329	155.330	155.323	155.320	155.314	155.310	155.308	155.302	155.296
2025.12.01	22:23	155.297	155.295	155.293	155.282	155.275	155.267	155.258	155.251	155.244	155.236
2025.12.01	22:24	155.237	155.237	155.235	155.229	155.222	155.218	155.207	155.208	155.208	155.208
2025.12.01	22:25	155.199	155.201	155.200	155.209	155.215	155.220	155.230	155.214	155.217	155.208
2025.12.01	22:26	155.197	155.198	155.208	155.212	155.226	155.236	155.240	155.241	155.241	155.241
2025.12.01	22:27	155.232	155.232	155.223	155.222	155.216	155.212	155.215	155.220	155.223	155.231
2025.12.01	22:28	155.227	155.229	155.225	155.224	155.224	155.221	155.224	155.222	155.224	155.225
2025.12.01	22:29	155.228	155.226	155.223	155.222	155.214	155.213	155.210	155.210	155.209	155.210
2025.12.01	22:30	155.202	155.201	155.194	155.189	155.187	155.179	155.180	155.178	155.179	155.179
2025.12.01	22:31	155.175	155.178	155.180	155.178	155.185	155.188	155.182	155.185	155.184	155.180
2025.12.01	22:32	155.175	155.175	155.171	155.168	155.168	155.170	155.169	155.169	155.171	155.177
2025.12.01	22:33	155.170	155.172	155.167	155.168	155.164	155.161	155.166	155.163	155.165	155.168
2025.12.01	22:34	155.163	155.161	155.166	155.172	155.175	155.175	155.176	155.176	155.177	155.175
2025.12.01	22:35	155.170	155.171	155.172	155.177	155.184	155.186	155.195	155.184	155.185	155.179
2025.12.01	22:36	155.175	155.175	155.172	155.170	155.170	155.167	155.170	155.170	155.170	155.172
2025.12.01	22:37	155.176	155.174	155.177	155.175	155.178	155.183	155.181	155.182	155.183	155.181
2025.12.01	22:38	155.183	155.183	155.182	155.182	155.180	155.178	155.179	155.179	155.180	155.181
2025.12.01	22:39	155.178	155.179	155.179	155.183	155.183	155.185	155.190	155.190	155.190	155.189
2025.12.01	22:40	155.182	155.182	155.178	155.177	155.173	155.168	155.171	155.169	155.168	155.171
2025.12.01	22:41	155.174	155.174	155.169	155.167	155.157	155.151	155.146	155.146	155.146	155.149
2025.12.01	22:42	155.159	155.160	155.156	155.153	155.145	155.138	155.144	155.141	155.142	155.147
2025.12.01	22:43	155.147	155.147	155.142	155.141	155.137	155.132	155.134	155.132	155.132	155.136
2025.12.01	22:44	155.128	155.129	155.134	155.134	155.140	155.146	155.143	155.144	155.143	155.142
2025.12.01	22:45	155.146	155.146	155.145	155.144	155.141	155.140	155.136	155.136	155.136	155.138
2025.12.01	22:46	155.144	155.145	155.141	155.138	155.137	155.132	155.133	155.133	155.134	155.136
2025.12.01	22:47	155.136	155.135	155.141	155.142	155.143	155.145	155.139	155.144	155.141	155.137
2025.12.01	22:48	155.137	155.136	155.141	155.142	155.143	155.145	155.144	155.143	155.142	155.140
2025.12.01	22:49	155.145	155.143	155.140	155.140	155.135	155.130	155.135	155.132	155.134	155.136
2025.12.01	22:50	155.147	155.146	155.145	155.143	155.138	155.133	155.134	155.132	155.134	155.136
2025.12.01	22:51	155.137	155.135	155.133	155.126	155.117	155.116	155.110	155.115	155.113	155.117
2025.12.01	22:52	155.105	155.108	155.103	155.108	155.109	155.114	155.115	155.118	155.118	155.125
2025.12.01	22:53	155.122	155.122	155.119	155.116	155.116	155.114	155.112	155.111	155.107	155.105
2025.12.01	22:54	155.108	155.106	155.109	155.113	155.111	155.115	155.116	155.114	155.117	155.122
2025.12.01	22:55	155.121	155.122	155.124	155.124	155.127	155.129	155.129	155.129	155.131	155.136
2025.12.01	22:56	155.136	155.137	155.137	155.134	155.131	155.131	155.134	155.132	155.133	155.136
2025.12.01	22:57	155.132	155.134	155.134	155.138	155.140	155.141	155.148	155.142	155.145	155.140
2025.12.01	22:58	155.132	155.132	155.127	155.125	155.120	155.115	155.113	155.115	155.114	155.117
2025.12.01	22:59	155.125	155.122	155.123	155.117	155.110	155.110	155.103	155.105	155.103	155.105
2025.12.01	23:00	155.118	155.115	155.121	155.115	155.113	155.109	155.102	155.103	155.103	155.103
2025.12.01	23:01	155.108	155.106	155.111	155.110	155.114	155.112	155.110	155.113	155.114	155.110
2025.12.01	23:02	155.108	155.109	155.116	155.118	155.123	155.128	155.125	155.128	155.127	155.126
2025.12.01	23:03	155.123	155.124	155.126	155.130	155.132	155.133	155.139	155.139	155.143	155.146
2025.12.01	23:04	155.149	155.146	155.139	155.137	155.133	155.122	155.124	155.124	155.124	155.126
2025.12.01	23:05	155.122	155.125	155.129	155.131	155.139	155.144	155.136	155.140	155.138	155.133
2025.12.01	23:06	155.135	155.133	155.126	155.124	155.111	155.106	155.100	155.100	155.099	155.100
2025.12.01	23:07	155.105	155.105	155.110	155.112	155.115	155.119	155.117	155.119	155.118	155.118
2025.12.01	23:08	155.118	155.117	155.109	155.105	155.099	155.089	155.091	155.089	155.090	155.090
2025.12.01	23:09	155.092	155.091	155.086	155.084	155.073	155.068	155.063	155.064	155.064	155.068
2025.12.01	23:10	155.074	155.072	155.074	155.068	155.063	155.063	155.057	155.063	155.060	155.065
2025.12.01	23:11	155.060	155.059	155.062	155.063	155.067	155.071	155.067	155.069	155.068	155.065
2025.12.01	23:12	155.057	155.061	155.062	155.064	155.071	155.074	155.067	155.070	155.069	155.066
2025.12.01	23:13	155.073	155.072	155.071	155.070	155.064	155.064	155.063	155.061	155.062	155.064
2025.12.01	23:14	155.059	155.057	155.060	155.064	155.067	155.068	155.069	155.069	155.068	155.068
2025.12.01	23:15	155.070	155.068	155.068	155.064	155.060	155.060	155.058	155.063	155.061	155.065
2025.12.01	23:16	155.061	155.063	155.058	155.055	155.057	155.052	155.052	155.048	155.049	155.045
2025.12.01	23:17	155.048	155.050	155.049	155.049	155.047	155.046	155.046	155.046	155.045	155.042
2025.12.01	23:18	155.042	155.041	155.046	155.048	155.050	155.052	155.052	155.052	155.052	155.052
2025.12.01	23:19	155.050	155.051	155.055	155.057	155.061	155.065	155.063	155.065	155.064	155.064
2025.12.01	23:20	155.069	155.071	155.069	155.068	155.064	155.061	155.062	155.062	155.061	155.064
2025.12.01	23:21	155.051	155.050	155.038	155.036	155.027	155.021	155.019	155.023	155.022	155.028
2025.12.01	23:22	155.018	155.022	155.018	155.022	155.021	155.027	155.032	155.029	155.029	155.029
2025.12.01	23:23	155.035	155.035	155.040	155.042	155.047	155.049	155.048	155.040	155.040	155.034
2025.12.01	23:24	155.038	155.036	155.035	155.030	155.025	155.025	155.016	155.022	155.022	155.025
2025.12.01	23:25	155.024	155.025	155.027	155.025	155.029	155.027	155.027	155.029	155.030	155.028
2025.12.01	23:26	155.017	155.021	155.019	155.022	155.026	155.026	155.032	155.029	155.031	155.029
2025.12.01	23:27	155.031	155.028	155.026	155.026	155.020	155.016	155.018	155.018	155.019	155.021
2025.12.01	23:28	155.024	155.024	155.025	155.022	155.021	155.018	155.014	155.015	155.015	155.017
2025.12.01	23:29	155.013	155.013	155.010	155.010	155.007	155.007	155.004	155.007	155.007	155.009
2025.12.01	23:30	155.001	155.003	155.005	155.009	155.017	155.021	155.021	155.017	155.019	155.013
2025.12.01	23:31	155.005	155.005	155.008	155.010	155.020	155.025	155.030	155.028	155.029	155.028
2025.12.01	23:32	155.031	155.028	155.025	155.023	155.021	155.014	155.021	155.018	155.019	155.023
2025.12.01	23:33	155.027	155.026	155.028	155.023	155.022	155.016	155.015	155.011	155.008	155.004
2025.12.01	23:34	155.012	155.012	155.019	155.021	155.025	155.033	155.029	155.030	155.029	155.025
2025.12.01	23:35	155.028	155.026	155.025	155.025	155.020	155.020	155.017	155.019	155.017	155.014
2025.12.01	23:36	155.018	155.015	155.012	155.010	155.008	155.001	155.000	155.001	155.001	155.002
2025.12.01	23:37	155.013	155.010	155.016	155.006	155.005	154.997	154.994	154.986	154.986	154.976
2025.12.01	23:38	154.976	154.975	154.971	154.964	154.952	154.951	154.952	154.958	154.957	154.967
2025.12.01	23:39	154.969	154.969	154.966	154.960	154.952	154.949	154.939	154.947	154.947	154.952
2025.12.01	23:40	154.951	154.951	154.952	154.959	154.960	154.965	154.969	154.973	154.975	154.982
2025.12.01	23:41	154.982	154.983	154.974	154.970	154.958	154.952	154.948	154.951	154.950	154.955
2025.12.01	23:42	154.966	154.967	154.961	154.960	154.953	154.943	154.943	154.944	154.943	154.944
2025.12.01	23:43	154.944	154.945	154.935	154.932	154.918	154.910	154.914	154.911	154.914	154.921
2025.12.01	23:44	154.911	154.915	154.911	154.915	154.917	154.920	154.923	154.926	154.926	154.933
2025.12.01	23:45	154.929	154.927	154.925	154.921	154.921	154.915	154.915	154.915	154.915	154.916
2025.12.01	23:46	154.913	154.913	154.910	154.907	154.907	154.904	154.905	154.905	154.905	154.907
2025.12.01	23:47	154.910	154.908	154.907	154.904	154.899	154.899	154.894	154.897	154.897	154.898
2025.12.01	23:48	154.910	154.908	154.904	154.892	154.882	154.875	154.860	154.859	154.857	154.858
2025.12.01	23:49	154.858	154.857	154.862	154.867	154.876	154.878	154.881	154.879	154.880	154.874
2025.12.01	23:50	154.874	154.874	154.869	154.867	154.860	154.855	154.864	154.861	154.863	154.868
2025.12.01	23:51	154.856	154.859	154.857	154.864	154.873	154.875	154.886	154.888	154.894	154.898
2025.12.01	23:52	154.893	154.893	154.890	154.888	154.885	154.883	154.882	154.883	154.882	154.884
2025.12.01	23:53	154.885	154.885	154.869	154.857	154.832	154.828	154.807	154.821	154.818	154.828
2025.12.01	23:54	154.833	154.834	154.830	154.828	154.819	154.815	154.812	154.813	154.813	154.818
2025.12.01	23:55	154.832	154.831	154.828	154.825	154.812	154.808	154.802	154.803	154.802	154.803
2025.12.01	23:56	154.794	154.792	154.785	154.781	154.776	154.768	154.774	154.776	154.776	154.783
2025.12.01	23:57	154.793	154.792	154.793	154.786	154.779	154.775	154.763	154.774	154.771	154.779
2025.12.01	23:58	154.778	154.778	154.778	154.780	154.781	154.782	154.787	154.783	154.786	154.782
2025.12.01	23:59	154.765	154.769	154.767	154.774	154.782	154.783	154.794	154.789	154.790	154.787
